王者荣耀韩国官方赛事,253万
yyfyyf,244万
小QIMBA,48.5万
dy韩老实,12.6万
苏梓夏夏,219万
王者荣耀官方赛事,217万
伍声2009,178万
东北大鹌鹑,174万
纯白,156万
彡彡九户外,156万
超级小桀,142万
寅子,135万
三笠ackerman丶1,113万
DSL斗鱼超级联赛官方,102万
赛文柒Seven,88.3万
气人主播QQQ,84万
不2不叫周淑怡,82.5万
斗鱼绝地赛事,81.5万
女流66,78.8万
隔壁家的小妹妹,68.9万
有痕er,67.9万
47号Gamer,67.6万
若悠悠de二哥,67万
imbadota2频道,66.4万
白白白白白3,63万
yjjimpaopao,61.1万
英雄联盟官方赛事,60.5万
一条小团团OvO,50.4万
斗鱼浪子彦,44.6万
谢彬DD,43.8万
四川雨泽户外,43.6万
DY烁哥,43.2万
abcdMouse,41.7万
A老回,41.1万
叶知秋Vanessa,40.2万
深山大咖,39.5万
BoA丶月月,39.2万
解说风筝,38.8万
淳色,37.1万
辛巴imb丶丶,36.9万
异灵术老师,36.5万
eStar丶教父,34.2万
大龙猫,34万
eStarPro诺言,33.6万
雨昕丶,33.4万
西瓜太浪xx,33.2万
99老弟,33.1万
言小七i,32.7万
你的珂珂宝,31.4万
斗鱼KPL荣耀战场,31.4万
王者荣耀官方赛事3,31.3万
黄金大奖赛,30.6万
誓言丨新游手游领导者,30.4万
赏金术士2018,30万
DNF亡誓,29.4万
方歌儿儿儿,28.7万
科技美学中国,28.5万
神秘嘉宾澄纸,28.4万
只有十五岁的涛妹,28.3万
我是骚某某,28.3万
820邹倚天,27.4万
懒癌丶小寒月,27.4万
清歌与世无争,27.3万
智商为九,25.4万
像枫,25.1万
Poker丶小旺,24.6万
阿聪R,23.1万
二胖二胖王二胖,22.9万
天然呆老湿,22.9万
单车老师不迟到,22.7万
imbadota2频道2,22.6万
污妖王丶沈小蔓,22.3万
雪莉人呢,22万
小主播羽大炮,21.9万
小儿郎丶丶,21.9万
OMG笑容,21.6万
声优赵猥琐,21万
PP阳,20.7万
解说白乐,20.6万
晓松哥,20.6万
sViper潇洒,20.3万
进击の神乐,19.6万
DNF枪魂冰子,19.6万
主播温州炮哥,18.8万
狗康Bfate丶,18.7万
冷未央丶,18.4万
老乡开下门,18.4万
进击的神乐,18.2万
sViper丶阿灿,18.1万
傲少丶,17.9万
仙凡哥哥丶,17.2万
小米虫y,17万
1K黄辉冯,16.8万
熊jolababy,16.8万
小米粥OvO,16.6万
天赐解说R,16.5万
穿越火线运营团队,16.3万
ForeverTED,16.3万
渝万丶浮生,16.2万
英雄联盟官方赛事二,16.2万
走黯,15.6万
豆豆丶Thomas,15.4万
主播秋山呜,15.3万
As童话话话,15.3万
狂仔酷炫,15.2万
绝地求生赛事3,15.2万
我是YF宝宝阿,14.8万
落叶听松,14.8万
心机老师,13.9万
叶子户外,13.8万
川味箩卜,13.7万
音七Simple,13.6万
T1丶勤劳的小亮,13.6万
毕竟是柚子,13.6万
沐戮,13.6万
大枪炮狗,13.6万
陈翔六点半,13.5万
秀梦哒哒,13.4万
Jue美娘,13.3万
屿鹿你好阿,13.2万
屿鹿你好阿,13.2万
s1134,13.2万
小妈的安妮妮丶,13.2万
蛋蛋解说丶,12.9万
Biu十月113,12.8万
爱吃鱼的石原,12.7万
非洲啊振,12.7万
骑士丶宁波小骚骚,12.6万
乔公举,12.5万
老皮历险记,12.5万
林熙Lxxi,12.2万
无月DSB丶,12.1万
Misa喵老师,12.1万
Le大帅,11.7万
小圈子丶呆宝丫,11.5万
魔音糯米,11.3万
亦涵阿,11.1万
ū砀,11万
苏打锋,10.9万
胖胖C,10.8万
我叫朱小贱,10.7万
UnaDirezione,10.7万
MQ丶聪全蛋,10.5万
李瑞汐七哥,10.3万
酸酸酸奶君,10.3万
路人王Asuka,10.3万
小棒棒W,10.3万
吃米滴虫,10.2万
DWG直播Nuclear,10.1万
令哥jjc,10.1万
DWG直播Hoit,10万
DWG直播Nuguri,10万
Dota小蝴蝶,10万
主播盒子,9.9万
杰出哥,9.9万
主播阿郎,9.7万
茹r真的很甜,9.6万
百变姑姑肖淑洁,9.6万
我是264,9.6万
YZDY七月,9.6万
皇玺丶Jony乔尼,9.4万
viko酱丶,9.4万
AMa0丶啊毛,9.4万
MdyPpy,9.4万
钟小傲,9.3万
凌云灬,9.2万
肉丝叔叔,9.2万
彭彭酱吖,9.2万
主任5748,9万
画饼李,9万
Lifeiwnl,9万
十三三三,9万
吴山人R,8.9万
皇玺丶瑞文,8.7万
白白的胖胖呀,8.7万
FeiYu丶小天很强的,8.6万
渝万丶狗哥,8.5万
疯子的峰哥,8.5万
微笑爱吃豆芽儿,8.5万
冷冷137570,8.5万
我是大蛤蟆阿,8.4万
惊蜇,8.3万
荣耀洋洋,8.3万
瓜皮蛙蛙,8.3万
LYG丶yyxovo,8.2万
阿Biu一身绝技,8.2万
渝万轩,8.2万
白鲨大娇娇,8.2万
全能王拉哥300401,8.1万
王者上演,8万
跨三A老顽童嘤嘤叔,8万
柄柄c丶,7.9万
小九安安,7.9万
轲神丶三土,7.8万
山东蓝翔技工学院,7.8万
微甜吖,7.6万
午夜锦年,7.5万
稳擞,7.5万
主播20投,7.5万
绝地辣妹兔兔,7.4万
唐唐Libra,7.3万
小仙女janice,7.3万
白鲨王振,7.2万
LYG丶TuDouBoss,7.2万
蹦小样,7.2万
手拿屠龙砍大刀,7.2万
MQ威,7.2万
MQ阿雨,7.2万
坚强丶贵族,7.1万
琦玉琦玉丶,7.1万
奶糖是喵不是糖,7万
良辰打野贼6丶,7万
棒老三,7万
涂鸦酱Q,7万
木神刂,7万
老戴在此,6.9万
Your小锤宝,6.9万
暖冬阿,6.9万
凉风亚索yasuo,6.8万
小北熙ya,6.8万
神探K,6.8万
修仙的小迪,6.8万
BN丶严斌,6.8万
谁一个强者,6.6万
DNF表哥,6.6万
万剑一鸽鸽,6.6万
主播八戒丶,6.6万
Amsssss,6.5万
金牌讲师丶信仰,6.5万
DG冬瓜,6.5万
泽饶龙,6.5万
安全套不套,6.4万
骑猪打野小骚苏,6.4万
小雅妹妹m,6.4万
娃子丶三点半,6.4万
soja菜芽,6.3万
陌言R,6.3万
Rifle丶小闹腾,6.3万
CF手游赛事活动专用,6.2万
黎三三岁,6.2万
孤独药,6.2万
黎三三岁,6.2万
逍遥小诸葛丶,6.2万
武神出品丶品牌大服,6.2万
阿东酱丶天道酬勤,6.1万
二红啊biubiubiu,6.1万
文伊伊丶,6.1万
a824683653,6.1万
拿铁不加糖吖丶,6.1万
Grace小星星,6万
阿紫丶Azi,6万
群阿群丶,6万
正版管子,6万
安娜哩,6万
UU娇哒哒呀,5.9万
渝万丶帝帝,5.9万
黑洲非人2019,5.9万
这货不是清奈,5.8万
Xh丶格格,5.8万
老仙女o,5.8万
等一下我晚呢qwq,5.8万
渝万rain,5.8万
文枝丶,5.8万
千寻雅,5.8万
渝万丶伊芙琳,5.8万
紫蓝Perse,5.8万
俞俊0829,5.7万
明栀明030,5.7万
仙墨丶,5.7万
浪灯丶,5.7万
夏只只i,5.7万
啾咪诺,5.7万
陡壁饥荒,5.7万
请叫李响,5.6万
烟沙丶强哥,5.6万
挽挽QuQ,5.6万
101DJG丶孤勇,5.5万
智慧刚丶,5.5万
overwatch老瓜,5.5万
Sai_C,5.5万
冰妹妹992,5.5万
Black丶耐克豪,5.5万
鲸鱼欧尼,5.5万
栗子OxO,5.5万
老V丶,5.5万
冷爷行妹,5.4万
跨八小血弟弟,5.4万
无与伦比的菜刀,5.4万
血色大极品,5.4万
KRKPL韩文解说,5.4万
你的熊酱,5.4万
萧兮易水寒哟,5.4万
猫叔灬灬,5.4万
Thank丶God,5.4万
x宇希,5.4万
三千很忙的,5.3万
一只很皮的大七,5.3万
小艺yn,5.3万
暮久酱mua,5.3万
软软的凉笙,5.3万
南雁翎,5.3万
喵喵侠233,5.2万
主播杰克曼,5.2万
念风亚索,5.2万
诱诱小奶喵,5.2万
小萌牙qwq带你飞,5.2万
xqc倾城,5.2万
垄上频道965333,5.2万
我酷我撩妹,5.2万
梦想家Ki,5.1万
一坨柠檬酱,5.1万
253516丶小磊,5.1万
DNF海因0206,5.1万
98甜丶,5.1万
雷伊伊瓜小皮,5万
Ace凡森,5万
街健达人丶呆木头,5万
丶喵晚安,5万
丶德云少班主,4.9万
曾小贤,4.9万
Mayuki闲,4.9万
一只希佩尔,4.9万
我就是泡菜,4.9万
程乐鸡QAQ,4.9万
Flygogogogo,4.9万
花君临z,4.8万
布鲁鲁Ayt,4.8万
Ares暖阳,4.8万
猪头叶灵,4.8万
贾政井丶哏eR,4.8万
移动电竞热点,4.8万
传奇一生一世一双人,4.8万
YW三冰卡尔,4.8万
霖疯er,4.8万
Toro小狐狸,4.7万
我的名字叫碎,4.7万
汉宫Wn99,4.7万
一圆诺崽,4.7万
鱼娓想要吃掉你,4.7万
菟菟萌酱,4.7万
赛燃,4.6万
剑浪丿,4.6万
Hi咪琦,4.6万
烽火吖,4.6万
铁头六哥,4.6万
风中追风Fzz1,4.6万
川娱丶奋斗,4.5万
九儿就是道理,4.5万
闪镜侠汉宫Dyao,4.5万
渝万丶如歌,4.5万
酷炫小剧场,4.5万
开心的长乐,4.5万
地瓜小弟,4.5万
ZZzzz杰仔呀,4.5万
NewB丶KDG,4.5万
湘哥户外,4.4万
夏小倩Cherr,4.4万
鹿鹿妹妹呐,4.4万
白鲨兮默,4.4万
黑人毅,4.4万
鹿鹿妹妹呐,4.4万
白鲨兮默,4.4万
黑人毅,4.4万
恶魔神,4.4万
户外闯王,4.3万
三黄猫,4.3万
超哥户外打野,4.3万
一鸣x,4.3万
小熊和你,4.3万
河南四眼搞基,4.3万
创DMoD工作室,4.3万
MQ丶二爷,4.3万
dy喜之狼,4.3万
大帝LioN,4.2万
海绵神了,4.2万
上海大明海,4.2万
笔落三千梦,4.2万
范钰尧ovo,4.2万
小慧姐丶,4.2万
CFxiub1,4.2万
是桑桑桑呀,4.2万
Hani一一,4.2万
浩家郡丶甘肃小浩哥,4.2万
你的美兮呀,4.2万
吃喝玩乐的帅冰,4.1万
又沫,4.1万
渝万丶野肆,4.1万
七七小脑斧,4.1万
98菟,4.1万
北京九鼎海盗装机店,4.1万
My弟灬,4.1万
是你的初恋呐,4.1万
莹莹丶女主播,4万
真的很博通,4万
菁菁Krystal,4万
主播海涛,4万
8玖June,4万
林芊又丶,4万
熙宝,4万
狼腾男银,4万
阿沫baby,4万
Tea丹尼尔,4万
是朗朗呀,4万
久游丶死神,4万
是徐长风ye,4万
骚普,4万
苏苏SJG,4万
太原马超丶,3.9万
NO丶1思言,3.9万
主播大黑牛,3.9万
渝万丶本科生,3.9万
沈阳浩天科技装机,3.8万
Dy钢枪王,3.8万
太子丹宝宝,3.8万
正义的左左酱,3.8万
蘑菇专杀快递报点狗,3.8万
萌新瞬晓天,3.8万
sisters温柔妍,3.8万
捕鱼大亨宁采臣,3.8万
感觉无双,3.8万
柒伟翼,3.8万
春卷大师,3.8万
小脑妹,3.7万
汉宫小琦,3.7万
花儿Ariel,3.7万
诸葛神侯关门弟子帝烨,3.7万
天生我最美,3.7万
小卟点丶阿,3.7万
T1丶我叫十一,3.7万
316022右手徐太浪OVO,3.7万
皇玺丶仙丹,3.7万
你的球球呀啊,3.7万
川娱丶师妹,3.7万
汉宫小离,3.7万
小舒君八块腹肌,3.7万
BN丶崔金,3.6万
媛媛酱y,3.6万
圈圈蜀黍,3.6万
Small小四178,3.6万
汉宫sunny,3.6万
E十林点一,3.6万
点宝呀,3.6万
念念是个锤锤,3.6万
AgFox小丑,3.6万
小龙女Sama,3.6万
天下第一吼,3.6万
激灵的大宝,3.6万
比齐山庄,3.6万
兔子的口七,3.6万
主播格调,3.6万
我是豆腐啊ii,3.6万
Golden绝不轻易狗带丶,3.6万
白鲨文文,3.5万
久伴一霎,3.5万
VG丶Ksy,3.5万
彬哥哥丶丶,3.5万
渝万丶柠檬妞,3.5万
大浪比金馆长,3.5万
MiZi1114,3.5万
是隔壁老杨呀,3.5万
渝万丶仙女瞳,3.5万
得意的diu,3.5万
汉宫帅枫,3.5万
叫我洋气的赵梦露,3.5万
pe老骚,3.5万
申佳嘉,3.5万
黑卡heika,3.5万
渝万丶不鸽的渡劫君,3.5万
情感导师王富贵,3.5万
华北丶叶神,3.4万
骚皮峰,3.4万
云樱花颜金步摇S,3.4万
蜜蜜姐i,3.4万
草帽团路飞c,3.4万
a逢川,3.4万
逆天的SYY灬,3.4万
沐云渊,3.4万
一只hk,3.4万
宁酒儿,3.4万
贝贝ov,3.4万
汉宫余阿姜,3.4万
诗俞,3.4万
李雨潼,3.4万
狼腾莫小韩,3.4万
逍遥丶酒廊男枪,3.4万
高翔XiangBro,3.4万
白鲨兴仔,3.4万
蛋卷小朋友,3.4万
润棋CC,3.4万
娱乐主播乐乐,3.3万
萝卜丶fps,3.3万
MVP小叔叔,3.3万
九剑ca,3.3万
白鲨baby,3.3万
MDY细傻,3.3万
娜姐的男神,3.3万
白鲨威威,3.3万
元气满满Balala,3.3万
大艺术嘉carrie,3.3万
VG战神路易嘶,3.3万
TripleA天秀,3.3万
dota少男旭,3.3万
依旧摇光,3.2万
白鲨米荤,3.2万
枝枝酱嘤嘤嘤QAQ,3.2万
讲究的外卖小哥,3.2万
社会你彤哥丶,3.2万
卟能h的秘密,3.2万
可爱多的多zZ,3.2万
追忆曾经de梦,3.2万
白鲨漫步,3.2万
鲭宝儿,3.2万
石乐志Q7,3.2万
璀璨星辰弈,3.2万
DY丶棒棒,3.2万
男银大圣,3.2万
LUX梧桐细雨,3.2万
阿然妹妹呀,3.1万
翼风110,3.1万
Tensi,3.1万
AgFox588,3.1万
Sakula醒醒,3.1万
这个人就是一剑,3.1万
斗~丶小可,3.1万
天空OX,3.1万
白鲨left,3.1万
WPL狼人杀官方赛事,3.1万
老兵丶绝不OB,3万
喵呜呜丶,3万
毁灭地球苏小凡,3万
OLd丶FiFteeN,3万
橙妹summer,3万
PE歌x,3万
Biu小剑,3万
PeanutHulllll,3万
o北京老王o,3万
GS丶阿颜小魔王,3万
大唐雷音寺,3万
渝万丶优秀,3万
好哇噻D喵柒柒,3万
添财慧,3万
心心心念念,3万
耳语小姐姐,3万
garigari,2.9万
Camille曼云,2.9万
你的蓉儿呀,2.9万
Yw丶柠檬,2.9万
肥尸,2.9万
眠音姑娘丶喵粮,2.9万
三百斤的胖Ty,2.9万
L征,2.9万
是零度喔,2.9万
甜心一泽,2.9万
雨音真白,2.9万
清华毕业生呐邱,2.9万
OreofAshley,2.9万
琉璃不相思,2.9万
Mini晴秀秀R,2.8万
安柒丶wu,2.8万
摩羯座的ddv,2.8万
延边龙少,2.8万
暴躁妮儿,2.8万
小片片说大片,2.8万
丶匆匆那年mmmm,2.8万
烈焰之城丶品牌大服,2.8万
主播苏苏i,2.8万
GL阿卿,2.8万
素泡面,2.8万
我本有情剑无情,2.8万
冷暖迷妹千千万,2.8万
刘剑锋Isy,2.8万
炉石主播周二鸽,2.8万
空白骑士丶空白,2.7万
Ruanmei万岁,2.7万
王蓝莓丶,2.7万
何千柔,2.7万
是不晚呀,2.7万
New南陵花神丶,2.7万
扬子爱生活,2.7万
Carol又青,2.7万
|星侃爷,2.7万
所有人都在装,2.7万
天才少女甜甜甜,2.7万
徒步老冯,2.7万
Lee锐GG,2.7万
污妖王丶啊然,2.7万
Alin丶X,2.7万
捡骨头的小姑娘,2.7万
SH内斯塔,2.7万
俺村俺最俊哦,2.6万
小米饭cc,2.6万
网易第五人格,2.6万
TLG丶恒哥,2.6万
雾山Fog53,2.6万
川娱丶宝宝熊,2.6万
imba绝地求生频道2,2.6万
渝万丶笙笙幔,2.6万
渝万李时珍,2.6万
江山丶商纣王,2.6万
渝万丶皮皮西,2.6万
钢牙同学,2.6万
若烟Ssx,2.6万
大迷糊小星星,2.6万
D7G升子,2.6万
MrBB大波,2.6万
泫漓,2.6万
三神救救我阿,2.6万
文骚洋,2.6万
哥沙巴克城主,2.6万
清晨Ccc丶,2.6万
尘逸,2.5万
MacGee丶麦吉,2.5万
Abby林玲,2.5万
刘三水水水,2.5万
80星王合击散人服,2.5万
逍遥丶漪漪超甜,2.5万
菟z1丶,2.5万
小米饭cc,2.5万
大包OUO,2.5万
阿晚QAQ,2.5万
思如遥望,2.5万
小伍OvO,2.5万
渝万丶Evelyn,2.5万
721017522,2.5万
风悦丶零法,2.5万
小t诺子Mino,2.5万
渝万丶尼古拉斯,2.5万
无敌男枪张学友,2.5万
八神梦魇丶,2.5万
淄博创酷陈大少,2.5万
金典传奇,2.5万
渝万丶馨儿,2.5万
程繁繁Faerie,2.5万
Alan870806,2.5万
乔小雅,2.4万
Carry熙熙熙,2.4万
兄弟盟丶盟主,2.4万
唯独有你在,2.4万
你的菲宝吖,2.4万
陛哥丶,2.4万
教主真牛比,2.4万
小狐狸4481,2.4万
久了旧知,2.4万
中憬珠宝569349,2.4万
温柔善良的雪雪,2.4万
惊蛰呢,2.4万
缪缪安,2.4万
狂拽酷炫,2.4万
固执yy,2.4万
白素贞y,2.4万
人生教练张家伟,2.4万
聪明机智李狗蛋,2.4万
音以结弦,2.4万
纳尼亚王子英雄无敌,2.4万
w弯弯,2.4万
中憬翡翠文化传扬,2.4万
小百年呀,2.4万
三哥海鲜,2.4万
信森吖,2.4万
晓浩的游戏世界,2.4万
X宝宝丶,2.4万
成都丶丁长久,2.3万
我是小七七,2.3万
lx虾米,2.3万
T碧海蓝天,2.3万
胖咪嘿咻嘿,2.3万
77陈小柒,2.3万
污妖王丶野父,2.3万
果果不是水果,2.3万
傲娇菜,2.3万
优米mm丶,2.3万
喔唷童夕,2.3万
楚汉讲棋,2.3万
叮叮铛铛咚咚锵儿,2.3万
初音未来无敌帅,2.3万
西湖丶许仙,2.3万
湖北之声,2.3万
依韵的第一封情书,2.3万
最美皮皮陌,2.3万
斗丶鱼三贱客,2.3万
星予丶老战,2.3万
喵喵小乔,2.3万
佳佳00布鲁根,2.3万
南方大乔,2.3万
卫叔叔丶,2.3万
SY一伊伊,2.3万
挽词丶清风,2.3万
像最初卡莎QAQ,2.3万
新疆戈宝,2.3万
神卡丶,2.3万
Dy灬凯哥,2.3万
渝万小狐媚,2.3万
EL飞哥,2.3万
中憬私人订制现场雕刻,2.2万
七沫丶Baby,2.2万
满楼水平丶,2.2万
橘右羊,2.2万
80it电脑网,2.2万
扶君夺天下,2.2万
3Hyc丶牛吃草,2.2万
QQ飞车手游官方直播间,2.2万
777丶少将测评未来,2.2万
汉宫樱词,2.2万
不皮的皮皮爽,2.2万
梓银MasterZy,2.2万
DY丶皮皮炸,2.2万
小白鲨哒哒哒1,2.2万
十年de糖果,2.2万
人不寐丶Malcolm,2.2万
初壹大魔王,2.2万
懵晓慧0,2.2万
古手梨花x,2.2万
宝贝薇阿,2.2万
星辰StarSta,2.2万
多米丶卓卓o,2.2万
渝万丶猫爷,2.2万
恭丶喜丶l丶,2.2万
xyG丶177xl,2.2万
逍遥丶九秒梦,2.2万
渝万丶林蛋蛋,2.2万
BN丶陈梓,2.2万
花一道y,2.2万
U酱爱吃糯米糕,2.2万
Elvira肉肉,2.1万
肉包子哼,2.1万
一只崔崔,2.1万
替心心,2.1万
一枚花小雨,2.1万
MaxKim0314,2.1万
九栀姑娘i,2.1万
萌小鬼,2.1万
4400小虎,2.1万
BabyFace沈亦,2.1万
萌彪小老师,2.1万
主播迷糊,2.1万
爱自闭的青衫,2.1万
雯妹妹mmm,2.1万
一只珊瑚,2.1万
麻瓜王耀,2.1万
圣娅,2.1万
凝黛子,2.1万
伢伢是个狠人,2.1万
D7G良予,2.1万
ArqiuEVE,2.1万
呆默默777,2.1万
韩乐童童童童,2.1万
三鸽丶,2.1万
燃烧的熊某,2.1万
rubytaobao,2.1万
Prince灬尜,2.1万
crash199007,2.1万
柳飘飘呀,2.1万
爱唱歌的鬼鬼吖,2.1万
寒一洋,2.1万
恋风贼骚气,2.1万
兰兮兰兮奈若何,2万
狗王李天王,2万
摩卡加冰丶,2万
GOD白神,2万
会脸红的山人,2万
热心网友舒克,2万
弄玉MM,2万
D7G单调大胖子,2万
虾米户外,2万
陶可可coco,2万
小草666丶,2万
渝万丶百星漠然,2万
杜杜大兔子,2万
渝万丶吹得神,2万
YME芸妹儿,2万
港茶哥哥,2万
我是阿呆呆阿,2万
月无痕丶3hyc,2万
逍遥丶白j呀,2万
懂我丶言,2万
汉宫11阿,2万
Soledad丶小暮城,2万
污乞丶,2万
东北少年哟,2万
美洋princess,2万
千紫16,2万
QL羽七,2万
薛洁洁Zz,2万
情商低下芯芯崽,2万
PE丶阿婧,2万
追风少女徐有药,2万
徐暖徐暖,1.9万
职业选手丶官人,1.9万
小包小包i,1.9万
w段Gody,1.9万
奈斯Ahri,1.9万
欧气Sai,1.9万
滚石丶帝晨,1.9万
张洛逸,1.9万
Pe鹿丢丢小朋友,1.9万
污妖王丶阿柴,1.9万
饼哥azz,1.9万
GS丶昆神酱1307763,1.9万
乔大狗理性消费,1.9万
全职pk惜别,1.9万
七煌教授,1.9万
铁蛋解说,1.9万
我叫怡宝有点甜,1.9万
希若Shero,1.9万
渝万丶白虎Aimo,1.9万
FeiYu丶八爷,1.9万
PE丶郭帅Gzh,1.9万
BN丶文生,1.9万
乌里乖乖,1.9万
康康小朋友c,1.9万
渝万南瓜,1.9万
鄙人老陈,1.9万
小流吖,1.9万
我是路北北,1.9万
荒岛金万利,1.9万
安阳盈科,1.9万
童童要努力变强,1.9万
恶霸提莫,1.9万
汉宫九阳,1.9万
星予丶王斯哒,1.9万
默默T6,1.9万
白菜讲故事,1.9万
一见呀,1.9万
米yami,1.9万
铁叔2z,1.9万
西双版纳黄金荣,1.9万
渝万丶灵魂Ghost,1.8万
我是以秀呀,1.8万
刺杀王者劫,1.8万
头圆圆本人,1.8万
圆啊圆溜溜,1.8万
苏宝cute,1.8万
可爱到炸的叶依,1.8万
阿乐Arle,1.8万
是你的小乖乖吖,1.8万
假的短短qwq,1.8万
允希姐micooo,1.8万
FeiYu丶6德华,1.8万
网神papapa,1.8万
逍遥丶林乔,1.8万
BN丶陈梓,2.2万
花一道y,2.2万
U酱爱吃糯米糕,2.2万
Elvira肉肉,2.1万
肉包子哼,2.1万
一只崔崔,2.1万
替心心,2.1万
一枚花小雨,2.1万
MaxKim0314,2.1万
九栀姑娘i,2.1万
萌小鬼,2.1万
4400小虎,2.1万
BabyFace沈亦,2.1万
萌彪小老师,2.1万
主播迷糊,2.1万
爱自闭的青衫,2.1万
雯妹妹mmm,2.1万
一只珊瑚,2.1万
麻瓜王耀,2.1万
圣娅,2.1万
凝黛子,2.1万
伢伢是个狠人,2.1万
D7G良予,2.1万
ArqiuEVE,2.1万
呆默默777,2.1万
韩乐童童童童,2.1万
三鸽丶,2.1万
燃烧的熊某,2.1万
rubytaobao,2.1万
Prince灬尜,2.1万
crash199007,2.1万
柳飘飘呀,2.1万
爱唱歌的鬼鬼吖,2.1万
寒一洋,2.1万
恋风贼骚气,2.1万
兰兮兰兮奈若何,2万
狗王李天王,2万
摩卡加冰丶,2万
GOD白神,2万
会脸红的山人,2万
热心网友舒克,2万
弄玉MM,2万
D7G单调大胖子,2万
虾米户外,2万
陶可可coco,2万
小草666丶,2万
渝万丶百星漠然,2万
杜杜大兔子,2万
渝万丶吹得神,2万
YME芸妹儿,2万
港茶哥哥,2万
我是阿呆呆阿,2万
月无痕丶3hyc,2万
逍遥丶白j呀,2万
懂我丶言,2万
汉宫11阿,2万
Soledad丶小暮城,2万
污乞丶,2万
东北少年哟,2万
美洋princess,2万
千紫16,2万
QL羽七,2万
薛洁洁Zz,2万
情商低下芯芯崽,2万
PE丶阿婧,2万
追风少女徐有药,2万
徐暖徐暖,1.9万
职业选手丶官人,1.9万
小包小包i,1.9万
w段Gody,1.9万
奈斯Ahri,1.9万
欧气Sai,1.9万
滚石丶帝晨,1.9万
张洛逸,1.9万
Pe鹿丢丢小朋友,1.9万
污妖王丶阿柴,1.9万
饼哥azz,1.9万
GS丶昆神酱1307763,1.9万
乔大狗理性消费,1.9万
全职pk惜别,1.9万
七煌教授,1.9万
铁蛋解说,1.9万
我叫怡宝有点甜,1.9万
希若Shero,1.9万
渝万丶白虎Aimo,1.9万
FeiYu丶八爷,1.9万
PE丶郭帅Gzh,1.9万
BN丶文生,1.9万
乌里乖乖,1.9万
康康小朋友c,1.9万
渝万南瓜,1.9万
鄙人老陈,1.9万
小流吖,1.9万
我是路北北,1.9万
荒岛金万利,1.9万
安阳盈科,1.9万
童童要努力变强,1.9万
恶霸提莫,1.9万
汉宫九阳,1.9万
星予丶王斯哒,1.9万
默默T6,1.9万
白菜讲故事,1.9万
一见呀,1.9万
米yami,1.9万
铁叔2z,1.9万
西双版纳黄金荣,1.9万
渝万丶灵魂Ghost,1.8万
我是以秀呀,1.8万
刺杀王者劫,1.8万
头圆圆本人,1.8万
圆啊圆溜溜,1.8万
苏宝cute,1.8万
可爱到炸的叶依,1.8万
阿乐Arle,1.8万
是你的小乖乖吖,1.8万
假的短短qwq,1.8万
允希姐micooo,1.8万
FeiYu丶6德华,1.8万
网神papapa,1.8万
逍遥丶林乔,1.8万
谁人不知二十一,1.8万
乔伊7Joye,1.8万
Akira小偏执,1.8万
叫我洁三岁啊,1.8万
v沫轩,1.8万
老戏骨葡萄锅,1.8万
Akira薄情,1.8万
烈火小霸主,1.8万
绯世XX,1.8万
久游丶子俊,1.8万
炸鲜奶是一种食物,1.8万
酒鬼R胖,1.8万
放浪不羁的小骚年,1.8万
钊叁,1.8万
carry电竞俱乐部,1.8万
战神季箐,1.8万
是你的CC酱,1.8万
八零后户外,1.8万
GS丶唐僧借我一张嘴,1.8万
唱的还行的奶狗池,1.8万
渝万丶择小西,1.8万
星予丶阿Sir,1.8万
一休哥穿名堂,1.8万
FeiYu丶暗黑,1.8万
北辰丶Zz,1.8万
南小北的直播号,1.8万
易白白白白白,1.8万
王小葵丶,1.8万
兔仔爱恰糖,1.8万
三枪一疗程,1.8万
蜜啦拉,1.7万
Skr丶双响炮,1.7万
风之子hhhhyyk,1.7万
苹果Zei甜,1.7万
右拐少女的小冷君,1.7万
啊校123,1.7万
鸡杂面宇闷闷,1.7万
诽煺,1.7万
DK皇锋,1.7万
紫霞仙子厶,1.7万
梦里没有小白白喵,1.7万
小小狐狸精sprite,1.7万
傻呆小仙女吖,1.7万
独家首战首区,1.7万
EdZ泽煌,1.7万
CooL丶毅宝,1.7万
清L酒,1.7万
PE黑力力,1.7万
撩元芳,1.7万
不科学的天然,1.7万
蜜逗姐姐欧妮酱,1.7万
炎之爱,1.7万
筱橙子爱哼哼,1.7万
不甜妹妹阿,1.7万
国服沐老湿,1.7万
我不叫狗贼,1.7万
江苏陶班长,1.7万
黎明户外,1.7万
许文强户外,1.7万
W疯狂的菜鸟W,1.7万
春筱麦,1.7万
汪团长,1.7万
川娱丶炫尊,1.7万
最终兵器一小鸟,1.7万
顽皮的Tim提姆,1.7万
蓝染依旧,1.7万
c林夕,1.7万
天津丶拳皇98老黑,1.7万
rm小软妹,1.7万
长春佳祥科技攒机,1.7万
SohoBar丶DJ,1.7万
叫我洁少,1.7万
Sylvia维乐,1.7万
女王小鬼头S,1.7万
住你隔壁的二黑,1.7万
j19k狗神x,1.7万
NFSOL丶夏末,1.7万
朱佩琪Yoki,1.6万
苏恩惠小姐姐,1.6万
IBADDOG,1.6万
渝万丶阳顶天,1.6万
是我静香不够骚了gg,1.6万
长情易老,1.6万
阿姐姐o,1.6万
琉璃药王,1.6万
正版人头大哥,1.6万
RTW丶R,1.6万
x8丿,1.6万
哈蒙德大人,1.6万
小小小师傅丶,1.6万
汉宫神话ZxH,1.6万
星旧丨,1.6万
东生阿,1.6万
我不是萱妹,1.6万
性感小猫在线掉毛m,1.6万
华哥传媒丶男神,1.6万
星空丶Saint,1.6万
养狗的流年,1.6万
林小天丿,1.6万
灵魂吟唱U87,1.6万
最帅的狗哥哥,1.6万
Akira虹宝,1.6万
暖心男神六哥,1.6万
Artifact不贪,1.6万
PE小泽野,1.6万
卢不乖,1.6万
草原霓裳醉,1.6万
汉宫故事,1.6万
晓蕾阿,1.6万
从不早睡的嘤,1.6万
致命一击有我无敌,1.6万
皮皮酱tiana,1.6万
小辣妹嘤嘤怪,1.6万
永远18岁的LU露阿姨,1.6万
SN丶腿儿,1.6万
天蝎座的林一,1.6万
一只花卷酱,1.6万
孤独的口乞货,1.6万
200多斤的胖子,1.6万
冬雾为雪,1.6万
SN丶腿儿,1.6万
天蝎座的林一,1.6万
一只花卷酱,1.6万
200多斤的胖子,1.6万
我不是萱妹,1.6万
冬雾为雪,1.6万
Air南风,1.6万
我是BUG呀,1.6万
FeiYu丶鸡仙,1.6万
青蛙ob,1.6万
xy丶莫小姐,1.6万
俺村俺最俊哦,1.6万
从不早睡的嘤,1.6万
一如既往丶胖子,1.6万
扛枪萝莉可可酱u,1.6万
同学你流口水了,1.6万
Biu菊花哥,1.6万
沐年之夏丨,1.6万
久游丶小辣椒,1.6万
N宝小神仙,1.5万
店长盖伦,1.5万
污妖王丶九十虎,1.5万
渝万丶冰神,1.5万
游民星空直播间,1.5万
张慧雪的男朋友,1.5万
多米丶小阿超,1.5万
渝万白宇g,1.5万
白可梦,1.5万
汉宫ChenQian,1.5万
狙王斌,1.5万
陪伴一生的传奇,1.5万
VIP户外,1.5万
张益达Tehseus,1.5万
汉宫迷情,1.5万
0005丶小圣圣,1.5万
泡沫灬R,1.5万
Akira米修,1.5万
骚牙签儿,1.5万
呢呢n,1.5万
橙子要不要,1.5万
华哥传媒丶大蚊子,1.5万
逆战一岁,1.5万
丶艾琪baby,1.5万
是醉梦ya,1.5万
娜宝Mua,1.5万
小十七niko,1.5万
老A酱丶,1.5万
月新呀,1.5万
魔王紫灵,1.5万
渝万丶林小亚,1.5万
拉风的茄子,1.5万
主播ranger,1.5万
E十丶娜娜,1.5万
红眼嗨神,1.5万
shalou88沙漏哥,1.5万
pe梓涵妹妹,1.5万
芒果小改改,1.5万
Aee1essN,1.5万
夜澜,1.5万
咩咩点,1.5万
星予丶骑猪追梦,1.5万
南小风儿,1.5万
素颜的兔宝宝,1.5万
污妖王丶捌玖,1.5万
怪可爱的婕崽,1.5万
一线天zz,1.5万
艺妹儿丶,1.5万
汪李李,1.5万
假酒少女汪酱,1.5万
云喵喵呜,1.5万
汉宫一马奴恩,1.5万
吹口琴的水,1.5万
汉宫哈伦Harlen,1.5万
厄运闪光,1.5万
L暴K,1.5万
凉城陈十三,1.5万
x8丿,1.5万
皮皮然z,1.5万
污妖王丶鹿由,1.5万
笑笑快来吧,1.5万
大连银老孙,1.5万
神武二狗子,1.5万
与世无争孤浅,1.4万
Coisinono,1.4万
骚铠K,1.4万
大斧速速,1.4万
张有道吖i,1.4万
锦官老男孩,1.4万
渝万温存,1.4万
北京金文,1.4万
DMH丶小飞飞,1.4万
小柒国一狄仁杰,1.4万
念言wzz,1.4万
旋风超人丶,1.4万
烟嗓女王丶GS,1.4万
初晗i,1.4万
星七七丶,1.4万
四海同心4,1.4万
杨小排婆婆,1.4万
飞翔的小磊,1.4万
匠艺生活阿文,1.4万
阿宇系小居,1.4万
呆萌小萝莉a,1.4万
谢飞鸡,1.4万
酷炫你你你,1.4万
浩神AD丶,1.4万
懒猫是只喵,1.4万
软妹汐i,1.4万
优雅啊狗子,1.4万
惟命命,1.4万
曾不难,1.4万
AK程,1.4万
肖奈Ares,1.4万
宠爱宠爱呀,1.4万
一只黑风里,1.4万
karanlip,1.4万
陆玖呀丶,1.4万
张小怂怂酱,1.4万
女秀才丶,1.4万
花香怡人丶蕉妹,1.4万
瑞雪呢,1.4万
Chengdu丶深渊宝宝,1.4万
小颖的公主梦,1.4万
叫我柯基吧,1.4万
Macherie丶偏执,1.4万
One梨,1.4万
AyMoira,1.4万
华哥传媒丶小桂,1.4万
Feiyu丶龙飞,1.4万
就叫他阿怪因为他很帅,1.4万
久游丶演帝,1.4万
玲玲妻,1.4万
萱萱脸不大,1.4万
瓜瓜呱呱呱叫,1.4万
陈颠颠吖,1.4万
地风升丶甜圈,1.4万
污妖王丶天天酱,1.4万
Mirror米米肉,1.4万
云霄冰封,1.4万
叫我恩恩NN,1.4万
宇大帅巡山咯,1.4万
骚包呀丶4620126,1.4万
尹乐想唱首歌,1.4万
傲剑悟空,1.4万
壹梦呐,1.4万
瓜皮宝i,1.4万
渝万丶阿乔,1.4万
Boomboom小黄人,1.4万
两仪木瓜,1.4万
East东东1,1.4万
FeiYu丶夜愿,1.4万
秃驴走肾又走心,1.4万
湘潭学友哥,1.4万
无双十三香,1.4万
S沐阳41143,1.4万
丶女王丶,1.4万
FeiYu丶阿信,1.4万
芒果橙子呀i,1.4万
传奇至尊宝,1.4万
小暖金,1.4万
颜宇森,1.4万
长久苏语,1.4万
CoCo可大宝,1.4万
WE彭打菇,1.4万
羊鹿鹿jessie,1.4万
R\人,1.4万
渝万丶小月月,1.4万
SN丶白菜,1.4万
多米丶桑叶,1.4万
梵生梦凡生,1.4万
临渊见鱼,1.4万
CF小雅,1.4万
梦辰er,1.4万
叫我小呆呆233,1.4万
甜蜜de哈密瓜,1.4万
凯疾风李Likai,1.4万
三月丶唐小唐,1.4万
柱子Yang,1.4万
奈奈Sweet,1.4万
破锣丶,1.4万
糖西baby呀,1.3万
小智XZ,1.3万
渝万丶阿暮,1.3万
Mango沈三废,1.3万
捡垃圾的夏叔叔,1.3万
国服演员小轩,1.3万
杨晨丶炼金,1.3万
9517悸动,1.3万
可肉,1.3万
暖小龟,1.3万
花夕颜a,1.3万
兄弟连户外9527,1.3万
桥brideg,1.3万
洛涛丶,1.3万
3Hyc丶瑶瑶,1.3万
言言大魔王owo,1.3万
小雏田Caitie,1.3万
污污污污污污污污尾丶,1.3万
101DJG丶Finka,1.3万
渝万诗歌,1.3万
蒙奇你你你,1.3万
渝万丶农民哥,1.3万
上海老梅电脑组装MOD,1.3万
作死的陈大腕儿,1.3万
FM991,1.3万
包不怂丶,1.3万
余书Rebekah,1.3万
渝万丶可爱妍,1.3万
渝万丶喵喵喵,1.3万
念绣,1.3万
桥嗯嗯Bridge,1.3万
葫芦农家院糊涂蛋,1.3万
郑州AI电竞攒机,1.3万
飞扬的浪叔,1.3万
橘美人哟,1.3万
如初呀M,1.3万
洛月洛月,1.3万
自]患者丶},1.3万
是我静香不够骚了gg,1.3万
小鲤鱼儿吧,1.3万
李晗风,1.3万
FeiYu丶渔夫,1.3万
倪的全能官哥哥,1.3万
有梦想的昧光,1.3万
青羿,1.3万
温情呢,1.3万
奶兔小雪球,1.3万
小橘甜甜,1.3万
抱走大多塔,1.3万
囚心名扬天下,1.3万
零零七lol,1.3万
FeiYu丶浪客提莫,1.3万
雪碧呀ovo,1.3万
林宝宝大王啊,1.3万
onekill单杀,1.3万
我是胖胖呀,1.3万
iuce2,1.3万
萌道暖暖,1.3万
真爱小不得,1.3万
CoOper2就是库珀,1.3万
GS丶微微,1.3万
遇见灬乐老板,1.3万
程素林,1.3万
月仙儿s,1.3万
大家叫我达文西,1.3万
闻君丶,1.3万
夏夏夏天喔,1.3万
慧江丶冬兵,1.3万
进击的小胖哥哥,1.3万
渝万丶浪仔仔,1.3万
老日斤,1.3万
挠挠nao挠挠,1.3万
污妖王丶荼荼,1.3万
渝万丶林小姐,1.3万
苹果Zei妖,1.3万
三藏不杀生,1.3万
猴帝D,1.3万
少司命小哥哥,1.3万
斑马Q,1.3万
Life杜少,1.3万
移动电源therein201811,1.3万
传奇小极品,1.3万
魔咒咒i,1.3万
游戏迷咕噜,1.3万
浊清一粤A88888,1.3万
远方Caps,1.3万
花豹87,1.3万
萌主不是菜鸡,1.3万
萧,1.3万
安阳盈科,1.3万
海狸先生不吃鱼,1.3万
刀心小哥哥,1.3万
华哥传媒丶清酒,1.3万
渝万丶影寒,1.3万
PE牙牙,1.3万
余贰人,1.3万
甜胖丁,1.3万
竹子cz,1.3万
FeiYu丶鸡哥,1.3万
敏子哥,1.3万
渝万丶丸丸丸丸丸,1.3万
你的小可爱蓝漂亮,1.3万
八二c,1.3万
女阿怪,1.3万
珍阁,1.3万
肥螳螂丶老无名,1.2万
胸口中枪的George,1.2万
八卦主播旭弟弟,1.2万
FeiYu丶忠毅之人,1.2万
渝万丶大风风,1.2万
渝万丶秋秋妹,1.2万
铃仙呀,1.2万
w思嘉,1.2万
禁欲系主播,1.2万
华哥传媒丶小迪子,1.2万
准辛阿,1.2万
苍井律子,1.2万
召唤师峡谷折磨王,1.2万
千年天道酬勤,1.2万
渝万丶152,1.2万
内蒙古老妈妈,1.2万
追风大魔王i,1.2万
渝万丶小肆,1.2万
七月遗忘的老夏天,1.2万
FeiYu丶还会是you,1.2万
电竞张jing泽,1.2万
Aimeeky钰铎,1.2万
Neo妮妮,1.2万
JCMOE,1.2万
FeiYu丶66,1.2万
纸飞官,1.2万
姗姗Beauty,1.2万
来自新疆优秀的都教兽,1.2万
单排橡皮金,1.2万
渝万丶素累,1.2万
丶爱琴海战神,1.2万
TLG丶柠檬,1.2万
喜神哥,1.2万
WE洗澡澡,1.2万
可儿大神吖,1.2万
苦涩是个萌妹,1.2万
我是肉肉啊啊啊,1.2万
FeiYu丶荼白阿,1.2万
杰克螳螂,1.2万
甜茶爱,1.2万
清水皮大王,1.2万
巫妖王丶味觉,1.2万
Lycan燥叔,1.2万
原来是小美耶,1.2万
琳子YANG,1.2万
七十八米的大刀,1.2万
绝地大猫咪,1.2万
雷雷雷震子,1.2万
徽f,1.2万
音乐本来就是用来玩的,1.2万
三年是个矮矬穷,1.2万
皇玺丶阿泽Dmw,1.2万
荣耀哈士奇,1.2万
生抽丨酱油,1.2万
渝万丶明小强,1.2万
迷斯莹,1.2万
FeiYu丶70打野,1.2万
人家的兔尾巴不见了QAQ,1.2万
DOTA1赛事官方直播间,1.2万
FeiYu丶绅士南,1.2万
努力的Lorre,1.2万
易燃易BOM四带二,1.2万
任平生丶,1.2万
CSGO西瓜,1.2万
林可乐丶,1.2万
渝万丶2020熙,1.2万
中意她她,1.2万
色色的月月猫,1.2万
WE成宝,1.2万
钟有颜,1.2万
超脱zzz,1.2万
mr桥桥桥,1.2万
小宝566,1.2万
主播阿洋i,1.2万
马蚤棍5157062,1.2万
FeiYu丶古德奈,1.1万
qiyou198,1.1万
你的开心逗O3O,1.1万
Gs丶肆酒i,1.1万
FeiYu丶善变,1.1万
一颗不安分的蛋,1.1万
FeiYu丶梦殇,1.1万
沐神百里挑一,1.1万
单口相声解说云龙兄,1.1万
是胡萝萝萝卜呀,1.1万
FeiYu丶六神gg,1.1万
蜜澄,1.1万
GS丶苏人,1.1万
带粉狂魔念破破,1.1万
不忘初心ywg,1.1万
EYQ丶橘子,1.1万
暴躁中的Bzz,1.1万
甜芯儿n,1.1万
FeiYu丶太古三带一,1.1万
五酱元气满满,1.1万
你的阿月,1.1万
钟离离啊i,1.1万
FeiYu丶拉跨大队队长,1.1万
宗介kamikaze,1.1万
渝万丶50,1.1万
小米粒,1.1万
FeiYu丶Aubrey,1.1万
锦年小朋友,1.1万
liya梦,1.1万
山东大儿蓝菲菲,1.1万
FeiYu丶江猎,1.1万
FeiYu丶鬼子,1.1万
星海和你,1.1万
多米丶疯子哥哥,1.1万
Coby丶香港韩某人,1.1万
Feiyu丶男神利利,1.1万
36D酒神糖,1.1万
拉闸的惧散,1.1万
FeiYu丶神经,1.1万
波克捕鱼达人仔仔,1.1万
Feiyu丶王点点,1.1万
EYQ丶Luking,1.1万
卿沐逸,1.1万
凝璇丶安逸,1.1万
魔法少女嘤Ovo,1.1万
黑冰科技,1.1万
老年瓦西里,1.1万
萌君宝宝,1.1万
一抹风度,1.1万
一稚琪小小,1.1万
渝万骚莫宝宝,1.1万
渝万丶六子,1.1万
TD丶九妹的小宝贝,1.1万
爱潜水的子鱼,1.1万
朱子曰啊,1.1万
渝万丶花泽类,1.1万
Akira小仙男,1.1万
FeiYu尊使狂魔,1.1万
倾城丶我在回忆里等你,1.1万
老树b,1.1万
渝万丶甘锅,1.1万
月半湾丶小帅,1.1万
FeiYu丶小萌,1.1万
FeiYu丶佩霖,1.1万
FeiYu丶诗酒,1.1万
小小渣渣呀,1.1万
FeiYu丶我埙神,1.1万
FeiYu丶狗子,1.1万
天秀98Ka,1.1万
渝万丶咪情,1.1万
FeiYu丶李逍遥,1.1万
GS丶嗜睡鹿,1.1万
FeiYu丶枪奴,1.1万
小橙R,1.1万
FeiYu丶天宇控,1.1万
小小小小小冰箱,1.1万
GS丶贾尼马,1.1万
FeiYu丶安公子,1.1万
FeiYu丶阿正,1.1万
既丧又甜美的毛呢,1.1万
你的男孩Gc,1.1万
铁头丶剑圣,1.1万
FeiYu丶成跑跑,1.1万
混不吝hunzi,1.1万
欣酱c,1.1万
撩妹狂魔态态,1.1万
sunshine33618,1.1万
FeiYu丶惘寻,1.1万
喵放送,1.1万
小小小小楠楠楠,1.1万
LWEGee刘未志,1.1万
FeiYu丶晴tian,1.1万
云小鱼M,1.1万
万年野封神小强,1.1万
渝万丶南山有墓名沐秋,1.1万
FeiYu丶辰风,1.1万
森屿劝你善良,1.1万
野食小哥,1.1万
FeiYu丶哈虎,1.1万
PE丶金叹,1.1万
星星,1.1万
东台林铭,1.1万
ECgirl哆哆,1.1万
渝万丶章鱼,1.1万
重口小美桐,1.1万
电竞周美灵,1.1万
FeiYu丶爱笑,1.1万
鬼妹LEO啊,1.1万
红茶bt丶,1.1万
请叫我风采,1.1万
泡芙甜小心克洛伊,1.1万
DaPIng雪兔,1.1万
皇玺TT晴,1.1万
高爆呀,1.1万
Feiyu丶言阔,1.1万
你么敬爱的蛤老师,1.1万
凝璇丶董哥,1.1万
多米丶头牌大叔,1.1万
FeiYu丶汪汪,1.1万
骚白女,1.1万
治愈少女兮琪啊,1.1万
薛小卡,1.1万
国画刘宝亮,1.1万
古城小主,1.1万
雪宝儿m,1.1万
车自见,1.1万
好奇害死喵,1.1万
嗷德普丶,1.1万
小静初丫,1.1万
卡丘是大佬,1.1万
你们家的瘾宝,1.1万
萝丝叮,1.1万
FeiYu丶阿秋,1.1万
魔神刘,1.1万
关六六屁事,1.1万
36,1.1万
FeiYu丶小金,1.1万
PAPER狂奔的椒麻鸡,1.1万
阿青有把越女剑,1.1万
FeiYu丶禁卫,1.1万
沧笙踏歌yyy,1.1万
Feiyu丶Greyson,1.1万
少女克星丶,1.1万
FeiYu丶王Oye,1.1万
FeiYu半仙,1.1万
FeiYu丶影中,1.1万
白玖玖玖玖玖玖,1.1万
咳咳去吧,1.1万
FeiYu丶赵二毛,1.1万
渝万丶南京麻将哥,1.1万
红警之神,1.1万
海宏H,1.1万
惑心zZzZ,1.1万
渝万丶逆战第一圆准,1.1万
束缚丶a,1.1万
Forgotten小宝972,1.1万
Feiyu丶药岩,1.1万
金典传奇,1.1万
白驹渣男,1.1万
思凯丶陆云,1.1万
渝万丶哎,1.1万
YY,1.1万
FeiYu丶大飞哥,1.1万
安生与箐璃,1.1万
Vvbaby呀呀,1.1万
PE丶艾克,1.1万
叫我提子啊,1.1万
小草是个小可爱丶,1.1万
GT阿顺,1.1万
北老二,1.1万
PE尘儿,1.1万
三江丶小然,1.1万
feiyu丶秋天,1.1万
芒果金克丝adc,1.1万
simmocsgo,1.1万
Ma菲,1.1万
一只小媚媚丶,1.1万
沙沙小主播,1.1万
OyHL真欧皇,1.1万
绝地求生杨戬,1.1万
渝万二先生,1.1万
feifeicarry,1万
PE丶伊琦Cool,1万
是鱼姐姐呀,1万
z锅底平,1万
酥炜c,1万
Alastorlol,1万
毕业助手丶小阿乐,1万
渝万丶陌上清风,1万
刘少7012,1万
萌呆了的小男人,1万
户外毛哥,1万
靖哥哥剑三指挥,1万
皇玺zmbf,1万
上卿o,1万
指法芬芳张大仙男,1万
PE丶苏鹿大鸡腿,1万
迷路的小青橙,1万
S自由人,1万
地风升丶秋夜,1万
我们可爱的程程,1万
yc2012,1万
地风升丶天泽,1万
商人木大郎,1万
流氓仙君,1万
July锁锁,1万
kiss路西菲尔,1万
Csgo小九,1万
春天在哪里1,1万
FeiYu丶红尘,1万
TXZ夜色王者,1万
安然大魔王zz,1万
丨辉煌丨,1万
子约小可爱,1万
AS程导,1万
梦幻百晓生丶,1万
FeiYu丶快来看神仙,1万
摩卡77,1万
十三老婆啊,1万
Fairyn沫萱丶,1万
FeiYu丶倔强,1万
老梦回传奇,1万
小兔纸爱吃胡萝北,1万
cYp脸哥,1万
竹叶的熊猫,1万
乐薇薇丶,1万
FeiYu丶慕雨li,1万
dnf血囚,1万
污妖王丶猫又酱,1万
卡神zz,1万
帅得超越一切,1万
暴脾气戴老师,1万
柔柔小甜心,1万
Y柚灬子Y,1万
承诺438,1万
阿阿小可爱呀,1万
FeiYu丶小王瑞文,1万
富婆团丶小星星,1万
萌萌哒雨叔,1万
秒睡小公主呀,1万
治愈少女兮琪啊,1.1万
薛小卡,1.1万
国画刘宝亮,1.1万
古城小主,1.1万
雪宝儿m,1.1万
车自见,1.1万
好奇害死喵,1.1万
嗷德普丶,1.1万
小静初丫,1.1万
卡丘是大佬,1.1万
你们家的瘾宝,1.1万
萝丝叮,1.1万
FeiYu丶阿秋,1.1万
魔神刘,1.1万
关六六屁事,1.1万
36,1.1万
FeiYu丶小金,1.1万
PAPER狂奔的椒麻鸡,1.1万
阿青有把越女剑,1.1万
FeiYu丶禁卫,1.1万
沧笙踏歌yyy,1.1万
Feiyu丶Greyson,1.1万
少女克星丶,1.1万
FeiYu丶王Oye,1.1万
FeiYu半仙,1.1万
FeiYu丶影中,1.1万
白玖玖玖玖玖玖,1.1万
咳咳去吧,1.1万
FeiYu丶赵二毛,1.1万
渝万丶南京麻将哥,1.1万
红警之神,1.1万
海宏H,1.1万
惑心zZzZ,1.1万
渝万丶逆战第一圆准,1.1万
束缚丶a,1.1万
Forgotten小宝972,1.1万
Feiyu丶药岩,1.1万
金典传奇,1.1万
白驹渣男,1.1万
思凯丶陆云,1.1万
渝万丶哎,1.1万
YY,1.1万
FeiYu丶大飞哥,1.1万
安生与箐璃,1.1万
Vvbaby呀呀,1.1万
PE丶艾克,1.1万
叫我提子啊,1.1万
小草是个小可爱丶,1.1万
GT阿顺,1.1万
北老二,1.1万
PE尘儿,1.1万
三江丶小然,1.1万
feiyu丶秋天,1.1万
芒果金克丝adc,1.1万
simmocsgo,1.1万
Ma菲,1.1万
一只小媚媚丶,1.1万
沙沙小主播,1.1万
OyHL真欧皇,1.1万
绝地求生杨戬,1.1万
渝万二先生,1.1万
feifeicarry,1万
PE丶伊琦Cool,1万
是鱼姐姐呀,1万
z锅底平,1万
酥炜c,1万
Alastorlol,1万
毕业助手丶小阿乐,1万
渝万丶陌上清风,1万
刘少7012,1万
萌呆了的小男人,1万
户外毛哥,1万
靖哥哥剑三指挥,1万
皇玺zmbf,1万
上卿o,1万
指法芬芳张大仙男,1万
PE丶苏鹿大鸡腿,1万
迷路的小青橙,1万
S自由人,1万
地风升丶秋夜,1万
我们可爱的程程,1万
yc2012,1万
地风升丶天泽,1万
商人木大郎,1万
流氓仙君,1万
July锁锁,1万
kiss路西菲尔,1万
Csgo小九,1万
春天在哪里1,1万
FeiYu丶红尘,1万
TXZ夜色王者,1万
安然大魔王zz,1万
丨辉煌丨,1万
子约小可爱,1万
AS程导,1万
梦幻百晓生丶,1万
FeiYu丶快来看神仙,1万
摩卡77,1万
十三老婆啊,1万
Fairyn沫萱丶,1万
FeiYu丶倔强,1万
老梦回传奇,1万
小兔纸爱吃胡萝北,1万
cYp脸哥,1万
竹叶的熊猫,1万
乐薇薇丶,1万
FeiYu丶慕雨li,1万
dnf血囚,1万
污妖王丶猫又酱,1万
卡神zz,1万
帅得超越一切,1万
暴脾气戴老师,1万
柔柔小甜心,1万
Y柚灬子Y,1万
承诺438,1万
阿阿小可爱呀,1万
FeiYu丶小王瑞文,1万
富婆团丶小星星,1万
萌萌哒雨叔,1万
秒睡小公主呀,1万
布偶弟弟,1万
凉城丶Rain,1万
FeiYu丶骚九,1万
小小小小野牛,1万
马夫957,1万
星予丶yzzz,1万
巫妖王丶辉哥阿狸,1万
亚瑟归来丶,1万
FS丶爱人,1万
孙老湿H,1万
有脚臭的仙女,1万
FeiYu丶小瓶盖,1万
狼腾杨铭,1万
阿肆Ada,1万
渝万丶狐王,1万
猫女啾啾啾啾,1万
与时间赛跑的日天,1万
猴子623465,1万
无心这波不亏,1万
渝万丶刘楚熙,9991
敲可爱啊小糯米,9987
晚风家的萌萌呀丶,9985
走走是叽暴力兔,9981
DNF甩锅王小佑吖,9976
李丫丫丫丫丫丫,9971
夜倾城4234,9967
肥崽呀y,9967
FeiYu丶洛丹伦,9954
恰鸡鬼才,9949
渝万丶懿Q,9940
渝万丶龙傲天,9938
姓刘的大力,9935
何西儿,9935
gg谢幕,9928
萝卜儿呀,9928
曾经深爱你的蒙蒙,9904
萌萌萌大仙儿,9902
蜜语大大,9895
陌雪有个电竞梦,9894
渝万丶水果皮皮,9882
玖寒可可,9881
R泰迪,9874
Akira宁啦啦,9873
绯色Hiyokoi,9870
dy渣渣涛丶,9869
卷耳的耳朵,9869
丨冷诺,9862
魔导师丶,9861
大明星丶MX,9860
FeiYu丶空城,9855
国服顶级商人南国,9854
Feiyu丶下一秒R待续,9846
快乐一点不好吗,9822
女巫么,9821
你的小猴,9815
软可可36D,9813
脸白吗,9806
主播小洛丶,9805
杨家军丶杨皇,9803
跳p城的徐将军,9798
大爱西游丶安安君,9796
鳄鱼丶林,9792
TLG丶今天是阴天,9789
安娜酱OvO,9780
FeiYu丶GuazzZ,9780
渝万丶美,9780
万星打野洛宸,9778
夏沐沐I,9778
T1丶权念,9777
R阿文R,9771
仇白衣,9770
温二楠,9768
ZooJIN,9759
FeiYu丶黎弟弟,9758
Halo阿鑫,9757
皮皮居青山,9751
DM丶阿岚,9731
TheYoungSeVen,9727
DD多多儿,9720
opopophuhu,9715
FeiYu丶李顽童,9708
虚舞不太piao,9707
貅鸺,9704
复古传奇帝王,9701
联通一哥丶杜宏伟,9695
复古传奇闹闹,9690
懒猫ccccc,9684
顾顾顾顾顾顾丶,9681
TQ丶天晴,9664
守护萝卜啊,9662
Popkart张博,9656
嗨流丶大师兄,9643
101DJG皮皮乐,9633
是你梦中的老胡,9632
萌R宝,9624
ZH小毛蛋,9621
18岁电竞女神经,9598
阿豪2247533,9594
勤奋的老蓦然,9584
装B狂魔小飞飞,9573
小谜萌,9565
威海海鲜邵楠,9558
小乐r,9552
抖腿小乔乔,9551
ic疯狗,9548
渝万花小白,9534
FTD皮孩,9515
FeiYu丶螺旋丸,9515
波克捕鱼月亮,9514
专杀小菜鸡,9505
CandyDaDa,9505
黄金诺,9505
信陵之,9502
尤鹿鹿家的丶夕夕,9501
小喵喵呐,9499
耀天天321,9490
橙伊诺,9487
鳄鱼QAQ,9487
小彩旗ow,9481
小guri,9478
老徐大宝宝,9475
FeiYu丶七喵,9471
超级玛丽Game,9469
青州游侠,9467
渝万丶墨水,9463
Deathbringer卡蒙李,9452
k1ngboom贱贱,9447
污妖王丶黎九儿,9447
你的郑叔叔,9447
Elsa琳,9446
阿坤dy,9443
阿羊丶海兽,9442
T1帆叔叔,9438
FeiYu丶黑夜,9434
大毛装机,9429
辣不逗丶,9419
Planet丶单调性,9418
DY道友,9412
渝万丶天某人,9410
90后农场主1,9410
渝万丶朝阳啊,9406
地风升丶梦,9402
y爱爱,9400
小甜椒yy,9399
污妖王丶苏苏,9395
小迷糊安安安,9381
幽灵黛艾梦,9374
KDL丶战神,9374
郭笑媛,9373
乱玩的老姜,9368
OMG皮卡丘,9363
玛尔斯Ray,9361
肥肠的油画面,9358
拾年丶冷血,9351
奥黛丽吉本,9345
咸鱼之复仇,9345
导师sama丶,9342
国产大伟伟,9333
渝万丶未来,9324
御萝阿ovo,9313
海鸥户外野战队,9310
左撇咿呀,9308
凝璇丶三木老大爷,9297
佛系女声丶烬哥,9292
我有一把M4,9290
重庆刚哥金牌装机店,9285
一个孤独流浪的林夏,9285
萌菟儿MissYou,9284
imba绝地求生频道,9284
阿达Dika98,9277
程爱淇,9270
污妖王丶晨轩,9267
馒头brother,9257
污妖王丶xiao磊,9257
FeiYu丶筱娜小调皮,9253
大叔户外抓野,9247
渝万丶捣蛋,9238
渝万丶杨阳,9232
大橙小蕾,9228
骚信i,9224
优秀ing,9222
朕就是又萌又脆,9221
念念小宝贝h,9218
风雨悠舞,9218
DM丶雪若,9217
啥都不会狗全能,9216
倾城丶辉煌红人骚杰,9197
主播宋师傅,9189
羽神锐雯丶,9188
啤小玖,9185
PE丶奶昔,9179
J江一江先生,9176
imbacsgo频道,9172
FeiYu丶里木言,9169
Emit77,9167
微笑等一个女装,9163
污妖王丶一克拉,9163
阿哩个希,9154
妈妈蜜呀,9134
火锅苗,9119
China阿东,9117
GS丶喵呓,9115
梦幻吊爆侠,9112
少峰ShaoF,9110
萌萌最乖巧啦,9109
SmallCheng,9109
渝万丶不如祖母,9102
航航吖吖,9101
我叫周大师,9097
婉大大爱吃肉,9090
蒋莎莎丶,9083
小机灵鬼呢呢呢,9079
渝万丶K哥,9078
小然宝丶,9064
小艾aaaaa,9060
亦丶星尘,9059
大英9527,9056
浪子伟彡,9055
渝万丶哈杰,9051
天真无邪菊某人,9051
FeiYu丶痴情,9040
渝万丨隐雪,9037
英淇丶,9018
华哥传媒丶守护,9017
阿龙you,9016
神丨丨岚侠,9015
轩云丶Toc,9014
华哥传媒丶草莓味半夏,9011
是花花鸭,9005
FeiYu丶武颗星,9005
大魔王丶七夏,9001
这一天运气真好,8992
杭州普天电脑,8991
风悦丶上官云,8976
tooooky,8976
九江008,8952
Van庆之,8951
DNF清晨,8948
PlanB丶开心,8945
电竞软妹艾尔莎,8943
老徐大宝宝,9475
FeiYu丶七喵,9471
超级玛丽Game,9469
青州游侠,9467
渝万丶墨水,9463
Deathbringer卡蒙李,9452
k1ngboom贱贱,9447
污妖王丶黎九儿,9447
你的郑叔叔,9447
Elsa琳,9446
阿坤dy,9443
阿羊丶海兽,9442
T1帆叔叔,9438
FeiYu丶黑夜,9434
大毛装机,9429
辣不逗丶,9419
Planet丶单调性,9418
DY道友,9412
渝万丶天某人,9410
90后农场主1,9410
渝万丶朝阳啊,9406
地风升丶梦,9402
y爱爱,9400
小甜椒yy,9399
污妖王丶苏苏,9395
小迷糊安安安,9381
幽灵黛艾梦,9374
KDL丶战神,9374
郭笑媛,9373
乱玩的老姜,9368
OMG皮卡丘,9363
玛尔斯Ray,9361
肥肠的油画面,9358
拾年丶冷血,9351
奥黛丽吉本,9345
咸鱼之复仇,9345
导师sama丶,9342
国产大伟伟,9333
渝万丶未来,9324
御萝阿ovo,9313
海鸥户外野战队,9310
左撇咿呀,9308
凝璇丶三木老大爷,9297
佛系女声丶烬哥,9292
我有一把M4,9290
重庆刚哥金牌装机店,9285
一个孤独流浪的林夏,9285
萌菟儿MissYou,9284
imba绝地求生频道,9284
阿达Dika98,9277
程爱淇,9270
污妖王丶晨轩,9267
馒头brother,9257
污妖王丶xiao磊,9257
FeiYu丶筱娜小调皮,9253
大叔户外抓野,9247
渝万丶捣蛋,9238
渝万丶杨阳,9232
大橙小蕾,9228
骚信i,9224
优秀ing,9222
朕就是又萌又脆,9221
念念小宝贝h,9218
风雨悠舞,9218
DM丶雪若,9217
啥都不会狗全能,9216
倾城丶辉煌红人骚杰,9197
主播宋师傅,9189
羽神锐雯丶,9188
啤小玖,9185
PE丶奶昔,9179
J江一江先生,9176
imbacsgo频道,9172
FeiYu丶里木言,9169
Emit77,9167
微笑等一个女装,9163
污妖王丶一克拉,9163
阿哩个希,9154
妈妈蜜呀,9134
火锅苗,9119
China阿东,9117
GS丶喵呓,9115
梦幻吊爆侠,9112
少峰ShaoF,9110
萌萌最乖巧啦,9109
SmallCheng,9109
渝万丶不如祖母,9102
航航吖吖,9101
我叫周大师,9097
婉大大爱吃肉,9090
蒋莎莎丶,9083
小机灵鬼呢呢呢,9079
渝万丶K哥,9078
小然宝丶,9064
小艾aaaaa,9060
亦丶星尘,9059
大英9527,9056
浪子伟彡,9055
渝万丶哈杰,9051
天真无邪菊某人,9051
FeiYu丶痴情,9040
渝万丨隐雪,9037
英淇丶,9018
华哥传媒丶守护,9017
阿龙you,9016
神丨丨岚侠,9015
轩云丶Toc,9014
华哥传媒丶草莓味半夏,9011
是花花鸭,9005
FeiYu丶武颗星,9005
大魔王丶七夏,9001
这一天运气真好,8992
杭州普天电脑,8991
风悦丶上官云,8976
tooooky,8976
九江008,8952
Van庆之,8951
DNF清晨,8948
PlanB丶开心,8945
电竞软妹艾尔莎,8943
FeiYu逆风哥,8938
AkiraEmbiid,8937
元宝这个肉球,8936
风悦丶夜神,8933
杨子一呀,8931
拯救世界灬好难,8925
大懒猫Sama,8915
小瘪三渣歌,8904
我是遗忘i,8900
风悦丶沐枫,8898
我是疯狂的66,8897
吃不饱的肉肉然,8893
大连海岛老李,8888
二哥11111111,8881
ARK黎总方舟,8880
交老师哦,8879
阿潮潮潮哥,8878
羞羞小可爱o,8876
1228181435,8872
精神病院R院长,8866
南派倒斗丶千夏,8860
LaoHanXfps,8854
晨杰来了,8852
Akira小炮,8849
华哥传媒丶酷梦梦,8847
X69X424X69XD,8842
FeiYu丶蚊子,8833
EM清水,8829
今天不是唐老鸭,8824
Silence陈小默,8810
青cute,8801
老毒瘤丶,8794
星辉丶诺诺,8781
钙奶,8769
咦那是什么,8766
17ADCarry,8764
鹿玖R,8759
十年丶阿陈专业刷角色,8757
FeiYu丶小锅米线,8752
FeiYu丶有趣的米线君,8745
不甜不叫奶Gou,8742
胭脂会醉了你的丶心儿,8740
在下茄子君3886795,8738
丹灬青,8729
鑫鑫sx,8728
张三疯丨丨,8726
梨妮吖o,8715
华哥大帅好溜,8709
MY丶小黑,8702
八喜益岚,8697
风悦丶诗行,8697
萱萱是个大天才,8695
渝万丶宣哥,8693
逆水寒法令纹,8688
n穹小柒,8683
一入江湖难回首,8681
商人少年,8679
凉凉的念儿,8677
抱走诺诺,8676
是弹弹吖,8675
何四岁70499,8656
琴宝c,8651
风悦丶扬辰,8644
地风升丶子敬,8635
九哥是谁呀,8634
渝万丶俊小二,8627
渝万丶地表最强猴子,8626
名鸭阿,8625
胖祥祥,8622
吃栗子的洋,8622
琴三岁丶,8618
波克捕鱼亮哥,8614
黑猫kiki,8613
枯浪L,8612
少女的劫,8607
雷锋小表哥,8606
七月蒋蒋,8606
God丶火星,8605
命,8600
鬼鬼i丶,8593
艺客丶组装废铁车,8590
筱蘑菇MG,8577
骤雨反复,8577
凝璇丶感情难敷,8574
药药困了,8572
晓月梧桐,8561
隐居少林寺,8561
愤怒的奶罐,8559
一知半姐,8542
玖玖DNF,8539
FeiYu丶ZK腰射小霸王,8535
PE安夏,8529
菩提搬砖教学,8525
国服第9路人王,8516
风悦丶顾里,8515
大叔有点闲,8511
哲哲的泰迪熊,8510
惠传丶梅万三,8509
人狠话不多红尘尘,8501
银仙吖,8499
蹦迪团DJ,8497
梦启丶黑涩De哲,8492
741丶,8492
ZhanGye张也y,8486
国服第一RPK,8480
乐小铭,8480
渝万梦阳,8474
柚子Joli,8474
渝万丶六爷PVP,8474
暴躁的萌萌Kt,8471
嗷嗷刮的风呀,8466
风悦丶上头丁,8463
SN丶小五,8460
甜Sona,8449
伯乐ck,8443
健身狼人,8436
小野王剑圣皇子丶阿剑,8436
Sky余欢,8435
地风升丶Lu明非,8431
巨星丶小辰子,8426
叫我小邝就好了,8116
大大大大大仙呐,8115
迷彩599,8114
无野不钓,8111
KDS徐星,8111
渝万丶大阿胖,8106
渝万丶乐儿,8102
一米八五波波酱,8099
逆天丶小哥哥,8098
小月丶新一,8094
孤独丶流浪心,8093
娜儿大姐姐,8089
骚兰女亚索,8087
KDS小文,8085
滑步小伟1,8084
巨星丶申子辰,8078
铁锤妹妹耶,8077
阳光宅男啊狄,8076
Mod丶小凡,8076
IM丶雷哥,8076
十年丶七梦,8075
小栗旬敲酷,8070
蝴蝶WenBaby,8070
紫小咛,8069
是秋辞辞呀,8066
轩辕绝杀008,8063
老汉韩三瓶,8060
峡谷大恶霸小叶宁,8060
小奶油cc,8053
澄海3c秋叶静美,8051
猪仙洞,8047
渝万丶鸿腾,8045
我是阿辰吖,8043
EYQ丶大M,8042
济南大环科技,8034
小萌希ovo,8026
是灿娘吖,8024
小阿丑030,8019
无邪大师兄,8015
解说岁月,8013
贱豪朴万里,8012
用户42979648,8011
渝万丶justin旭,8008
断弦梦游中,8002
渝万皇室先生,7990
奶酪妹妹Candice,7980
玩Ad的pp7,7979
泰山v,7978
PE姐姐,7977
渝万丶浅茉,7969
提莫005,7968
幸福的人是不是我,7968
陈小南ya,7963
OneDay小海绵,7953
大大大学姐Candybaby,7946
机智果敢的潮潮,7945
月影天哥,7942
渝万丶b落,7940
小人物Lxy,7936
思凯丶帅逼阿5802277,7934
渝万丶帅少,7930
哔啵哔啵丶606,7930
苏爬爬,7919
风悦丶洛月,7918
一只奔腾的小尼玛,7915
褪色帆布鞋,7911
渝万丶九~,7908
盛世帝王花美丽,7906
贝乐,7903
玲珑君上,7902
大力水手14376,7900
瑶小同学,7892
夏陌u,7890
周杰伦1999,7889
KDS摇摇忆,7889
小超哥带队666,7886
桑桑吃不胖,7886
PasserByKingX1An,7882
小食草食,7876
微辣不要葱,7874
风悦丶情词,7870
S阿,7866
赵贝贝i,7846
渝万丶巴蒂,7841
夏末是个声优哇,7836
自闭患者丶英,7835
老瞪,7830
青染gg,7829
葬爱军团卓卓,7828
KT铁棒哥,7826
安土猪,7817
丨博丽丶灵梦丨,7813
鱼仙Mk,7811
丧钟镇小贼,7811
才高八斗的王老师,7810
conscience蟹老板,7806
风悦丶袁先生,7806
带走我cn,7801
一只烟6666,7800
纯洁土鸡,7800
但丁3,7791
风悦丶麦兜,7789
iZnoG0ud,7788
飞在地上的九头鸟,7788
用户54683212,7788
买买提假腰子,7787
云泱泱大国,7782
渝万丶月月鸟,7780
宝宝isbaby,7767
航公子192cm75kg,7766
只能亲一口阿,7760
喵仙儿最甜,7748
老七T,7744
倾城丶赵大宝,7739
好人领袖,7737
思凯丶老慕,7732
我是晰晰呀,7731
夜行帆,7725
玉儿爱吃鱼,7720
一只努力升级的小晴天,7710
淅沥93300,7708
肉男Ooo,7707
归陌上,7701
康泰欧巴,7692
一天ay,7690
筱彩虹baby,7688
GOF工蜂水冷科技,7687
最爱学友,7680
勤奋努力的徒弟,7679
一号户外丶,7676
神棍老师麦迪文,7666
谜伴,7662
三江丶小五哥哥,7660
chen小婕v,7659
腿腿神仙,7656
毅清丶阿飞gg,7656
朝阳区丶小艺,7653
绝地老骚王,7653
大眼萌妹Jz,7650
墨璇玑,7639
没女粉的L向南,7639
渝万丶老胖虎,7639
优皮Yopppi,7638
yaosese,7638
渝万丶奶萌兔,7635
国民center可爱包,7628
柒Swg,7626
地风升丶小三爷,7624
lucifer丶大帅岩,7623
渝万丶飞飞世界,7623
spottyspot,7619
超可爱Ss的洋洋,7616
小李二哥,7616
100game工作室老杨OB,7613
一只神秘狗,7598
石小陶,7595
三江丶小胖子,7594
渝万丶小兄许,7589
兔妹s,7589
大佬鼠接卢克乌龟代打,7588
渝万丶演员coldzera,7587
骑士王Gking,7577
米多姥爷,7569
主播二宝哥,7568
露露不高冷,7568
豆大帅熊,7566
EYQ丶阿染,7552
冰心骚年nb,7549
逍遥子up,7548
萌妹丶小可儿,7547
超能辣条侠,7545
关上心,7544
PE丶JunYang,7544
粉居居,7540
大泽壹,7539
袁宇彤真帅,7538
爱撩妹的老K,7529
爱睡觉的沐沐酱,7528
军团止战,7527
起个名字好难nnnn,7522
汉卿啊啊啊啊啊啊,7512
华哥传媒丶小霸道,7512
声优风,7511
渝万丶枕边人,7510
清音予无忧,7503
乌龙丶白胖胖,7502
渝万丶深情乔,7501
狼腾豆哥,7497
静香papa,7496
杀死小橙子,7496
华哥传媒丶上官V灵儿,7491
雪妮儿,7489
思凯丶俊俊俊少,7480
变态少女小布蕾,7477
司机Aimbot,7471
Zzihan9,7468
Krystal双眼,7468
锅巴酱i,7467
佛系小丑丶,7464
子非瑜不是鱼,7463
活捉一只安安,7461
渝万丶你颠哥,7448
悔情gg,7445
狼腾丶杀神方天,7442
莫洛m丶,7437
渝万丶冯老师,7429
龙泉宝剑铸剑师,7428
DNF帅帅的帅帅,7428
拜克奶茶,7426
小kk不爱吃糖醋排骨,7425
渝万丶时间轴o,7422
Dawn呓语,7422
碎别,7419
E十丶瑞秋,7416
一熙大人,7412
我是抓壮丁的王保长,7410
彼岸之艳,7408
魂斗罗丶老中医,7407
神SM,7405
尧顺宇,7394
AKE公子宇,7392
PE鱼妹妹,7391
稚阿Q,7390
渝万丶彻寒,7380
Steeeeevek,7379
沉睡的名侦探小A,7378
老张说象棋,7376
粤语电影丶,7370
小奶猫阿qaq,7369
丶三青丶,7368
太阳小姐姐啊,7367
狼腾八门神器,7363
小君丶盖伦,7361
渝万丶伯瓦尔,7360
VictoryKenbi,7358
渝万丶军银,7358
天问酱,7355
PE司徒锺,7351
随风翱翔008,7347
小老弟你怎么肥事,7345
凡人阿天,7344
地风升丶鹿酱,7344
思凯丶小六夭,7342
EYQ丶大三,7339
重庆炒菜小哥,7338
懒癌少女苏落,7337
美昙业囊吧鸭,7337
狼腾大哥哥,7336
小猪宁宁kk,7335
江西第一加里奥,7328
华哥传媒丶绅士,7327
辰天0101,7325
黑人盒子精,7325
思凯G老鸭,7323
全能高手CC,7323
DM丶坚强小明,7322
远妹,7322
某只羊驼,7319
乔治酱呐,7317
吃不胖的瘦猴ss,7311
好教练文哥,7307
国大腿,7307
木头四级盒,7299
FeiYu丶小灿哥,7295
明月夜z,7292
海贼王武神,7291
冰叔的英雄世界,7287
渝万丶Akay,7282
大巧不工a,7281
真的不是三毛,7273
JarMacTavish,7270
救赎LV,7260
卩灬远方户外灬T灬,7257
渝万丶社会的豆腐,7256
石头0402,7251
Aris案语,7251
x小诺诺,7248
Schey1,7243
5754DDd,7239
污妖王丶带头大哥,7238
大饭团团团,7237
青柠废柴喵,7237
PE丶八妹er,7237
Skeis彳亍,7231
妹抖酱K,7230
RUST圣嵘,7229
东北老路,7226
林肖九九呀,7226
小困KMR,7225
一颗渺小的豌豆,7223
小溜溜哒,7220
一飞狐一,7219
PotatoEil,7216
辽宁二区灬小张,7214
清颜Carry,7213
明月却多情,7211
魔道阿贵,7211
一生只爱猫玖儿,7211
Ch3c日花,7210
渝万丶大辰风,7207
洛爷陛下,7204
川娱丶残夜大人,7203
gs丶卡卡俊,7202
渝万大徐徐贼溜i,7201
萌轻语,7201
Dear寒雨,7194
盲⒇s,7189
呆萌的胖7,7179
汤小源丶,7177
邱八肌,7175
你的五月c,7174
污妖王丶布丁,7172
番薯大魔王i,7169
巫妖王丶稳健猴,7162
源乖乖,7162
轻吕丶,7159
渝万丶如初,7157
布丁宝宝r,7151
浅瑶哟,7149
软妹小胖虎,7147
PE北执henry,7146
渝万丶小骚果,7145
美食侦探MrX,7143
周杰伦FANS,7137
没有队友的男孩,7136
全村人的阿文a,7134
上单霸主狗头一只,7121
团团宝宝up,7120
PE伯爵,7114
担架队主治丶帅帆,7113
华哥传媒丶逗本逗,7110
每日点兵Top,7110
夕颜若,7108
c2h骚的很,7106
初见娜美,7106
珉瑞,7103
是考拉宝宝呀,7103
主播老赵,7099
渝万丶小E,7096
一月份的小尾巴i,7095
顾小绵m,7089
再排一把,7087
Spicegirls,7085
你游经常暴毙的宫水,7083
苏发发同学,7080
Wang瀚涛,7076
懵小七家的姬崽子,7076
凸丶再见,7075
沐易丶一生所爱,7072
跨3B丶怡红院,7069
请与逗比同归于尽丶,7067
总有大R猴想害我,7058
鲨神星光,7057
浑不吝AutNihil,7056
不吃兔子的萝卜丨,7051
电竞Angela宝贝,7050
朱渝航呀,7049
渝万丶欧皇失落,7046
DDS船长,7042
柴豆豆i,7039
主机鸡瞄贼准,7038
帕吉快冲鸭,7038
1光临弹头,7038
皮烤面筋丘,7037
路路子LuZ,7035
FeiYu丶瓜PiPi,7033
沙小漏漏,7032
污妖王丶咕噜噜的麦霸,7030
打扰了丶卿卿卿,7027
Sy丶暮辞,7027
XieTeeee,7026
小魔女呆雯,7026
僵尸妹妹,7025
铜哥丶,7025
小惠惠i18501,7019
落花有意随风飘流,7017
生化利刃一冷风,7013
小名叫z笑笑,7011
都说我名字很LOW,7010
渝万丶小仙女熙萌,7010
jl海浪,7010
田小鑫儿,7009
qwjmm,7008
渝万莫雅,7008
声优源,7006
华哥传媒楠楠,7004
长沙小仙女,7000
性感的大猪,6998
哎呀沫,6997
JL叔叔,6993
茶嫂小橙子,6990
T1丶问题不大丶Yy,6988
黑娃剑姬,6983
风悦丶弟弟,6983
渝万丶瑾莲华,6982
温柔的小赵,6982
魔魔红茶,6980
北漠bimo,6980
渝万丶Hik,6977
Andymmt,6977
逍遥丶鲨鲨,6975
Fearless小君,6974
俺的小名叫胖胖呀,6973
污妖王丶猪大壮,6970
原来是小雪耶,6969
Elsdon丶看淡,6963
折耳喵喵的日常生活,6963
路人雍,6963
jaystarhj,6961
小讲师非洲,6960
锦儿小可爱,6960
小寡皮,6954
拒绝解说,6947
风悦丶funny喵,6946
渝万丶润恩,6946
GS丶隐形人,6945
阳哥剑圣,6941
琦yu老师,6939
木木同学o,6939
蟹夫特Shift,6931
TT丶骚洋哥,6930
隔壁尼朵,6916
啊蒂仙,6914
小千北呀,6913
胸大枪刚小盒妹,6910
暴力老年人,6910
龙泉铸剑师,6910
河水0087,6910
chorainzer,6903
主播东门,6901
亿白瞎子i,6899
兵长丶冷风哥哥,6898
萌小菟1008,6895
陈大萌和李小蕾,6894
星辰微风,6893
于六一,6890
小太阳丹丹,6890
云翊YunYi,6890
N梦中女孩,6887
晴空万利,6882
执迷哥哥丶,6879
九月请你等等她,6876
酷酷炫炫,6875
渝万丶包纸,6871
毒Jio巨有戏,6867
outermost09522,6866
Rachel秋阿,6862
secret小宇,6861
丶大金金,6859
DaNaiMazz,6858
铁杆英语美女外教,6855
贼王龙锦,6855
PE丶俏皮琳,6855
少女雷顿,6852
风华绝代丶僚机哥哥,6851
imbacsgo频道2,6846
安纯蛋ANAN,6843
李铁柱rrr,6839
颜丢丢Cc,6838
欧皇空城,6837
斗yu拾年薛老师,6829
陌O倾城水水,6822
在下上头晗,6814
吾大将,6801
超级无敌妖灵子儿,6801
许乐就是我,6801
阿阿阿阿阿御,6798
大留宝贝,6792
俺木一都教授,6788
请叫我傲雪大魔王,6782
老妖Bomb,6779
睡不醒的林夕儿,6779
ToBeMyHero,6778
LM卡洛,6777
FeiYu丶MadnezZ,6777
白竺呀,6776
郑圣爱,6775
陈帅帅帅丶,6774
森姐爱迷路,6772
李开心Sweet,6772
叫我少殿下,6771
不是堂,6770
追寻Ser丶,6769
Mrclayyy,6769
abadgirlx,6768
渝万一莫愁,6767
渝万丶漠然呀,6767
猫窝里的苏苏,6767
帅比500分,6766
TouM1ng,6765
h予,6765
主播浩钦,6760
信哥得永生哦,6760
渝万playboy55,6757
网瘾少女丶柠檬酱i,6750
七夜哟丶,6749
落宝丶Baby,6749
黎鹿鹿酱,6749
支邪,6746
阿暴啊,6745
YC丶德莱文,6745
咸鱼放映,6744
辞屿o,6741
MZ关于沐子,6741
ss清酒,6740
污妖王丶飞仔,6736
阿手哟,6735
飞总er阿,6732
橘猫酱Q,6731
逗逼,6730
三江丶雪陌,6730
豆沙情痴,6729
萌儿,6728
渝万丶雪泽,6727
余初71040,6726
国民基友于隆隆,6725
AAAugiam,6722
DNF丶Ac,6717
aboutQiao,6716
梦非梦吖,6713
灵魂枪灵,6711
渝万丶秦义绝,6710
兰酱yo,6710
海浪是个怪人,6708
Dy丶小钻风,6702
y眼,6699
rust麦乐基,6697
小榜一,6695
地板君丶,6691
M凯丶,6691
feather灬RPG,6691
萌了萌萌,6688
叶卡弟弟,6685
丑皇c,6684
华哥传媒丶兔兔,6683
斐小白,6677
果g有点皮,6671
丶九天丶,6669
林晚晚v,6668
梦懿小肆哥,6667
FeiYu丶德莱图奇,6664
欣欣是个暖男,6661
渝万丶黑鬼刘,6660
污妖王丶莫妮卡,6658
挥霍十年的青春不复回,6656
主播丶涛涛,6653
牙牙怪c,6651
渝万丶虎子,6648
小庄ovo,6647
歌手龙,6647
鸭嗓姑娘,6647
乱斗狂魔林欢乐,6643
噶臭小仙女,6643
cherry波哥1,6641
渝万丶阿睿占卜,6640
华嘉电竞丶漠视,6639
殿殿丶Z,6638
怡红院飞哥,6637
渝万丶老Lori,6635
月满西楼剑如钩,6632
安和桥灰,6631
赫然的贼k,6629
XM卡卡,6628
不爱吃虫的青蛙,6625
看穿一切的冈崎汐,6624
啊卷饿了袄,6622
Dawnpip,6621
绝版刁丝,6620
小杨柒,6620
岁月清彡,6619
唐的糖,6618
I夏天的枫I,6614
Oo琳宝oO,6613
C年,6609
夜白忆,6607
甜妹oy,6605
超神小菜鸟,6603
雪儿是小可爱,6603
南昌最秀李青没有之一,6599
xdc丶gq,6592
潘将军提着矛盾戳天下,6592
潘老公丶,6590
可爱的小猫叽,6588
乡村企业家,6582
券搜搜丶奈特,6582
小晴宝1,6580
一只瓜皮五,6577
华哥传媒丶如果,6576
装丶可爱,6574
稳拿女人心因为叫少晖,6571
吹牛无CD丶霍小六,6570
蛋蛋多多爆发了,6568
渝万丶Q神,6566
PE丶谭校长,6566
俊神丶不忘初心,6559
安逸得狠嘛,6559
林优秀v,6550
温长清,6549
自我刺破,6547
大仙的大娇妻,6542
段园长QuQ,6540
辰白丶,6540
steal5011,6540
上官青丘,6539
百炼绕指柔刚S,6532
污妖王丶Ahcian,6530
江湖人称张翼德,6529
污妖王丶佩奇,6525
鼎峰丶欧廷权,6524
叫我余先生就好,6521
提莫炖牛腩,6521
约翰瑞文解说第一锐雯,6520
佩奇猪丶,6519
老男人之谜,6518
我不是胖子小丑,6514
妮丶大姐,6511
小阿ii,6510
卡斯呀,6507
平安京内务组,6506
蛋蛋多多爆发了,6506
狼蛛丶希歌,6504
28858丶小四,6503
YN丶战火欧巴,6502
乡村企业家,6501
超高校级的突击手,6501
晚风XFF,6500
千鸣羽,6499
旭东zzz,6499
暴躁航QAQ,6498
冰晶凤凰张心灵,6492
梦阳Uncle,6491
灵巧叔叔,6489
一颗小酒,6484
长久A99,6484
A大喵喵,6482
真实才,6481
Butterfly蝶澈,6477
中国滚石丶阿卡丽,6476
你的花花女王,6474
年迈的布莱克,6471
渝万丶狼王,6471
华哥传媒三岁,6470
萌萌哒的梦落,6467
狮子座的鳄鱼呀,6465
LOL青铜菜鸟1,6461
渝万丶枫叶,6461
你们的范范老师呀,6458
渝万丶精武门馆主,6457
怼咸,6457
炉石小哪托,6449
雁南筝y,6448
火山男刀,6447
渝万丶魔了个羽吖,6443
卡莎喵QAQ,6443
龙阳自逍遥,6441
PE丶译洋,6441
满分九黎,6439
能不能多喷人,6435
江辞丶,6434
LYB阳阳,6433
院长谢伦,6433
多米丶杏子,6433
LL流浪,6429
GS丶东哥剑圣,6425
爱运动de大叔,6425
she会你孩弟di,6424
重庆360攒机,6423
skrr波波,6417
嘿不溜球的小慕瑟喔,6414
折耳兔c,6413
呆萌大姐养土鸡,6410
解夕丶3Hyc,6409
栀酒呢,6409
Mr丶MilKtea,6409
R小木仔,6407
矢芯,6406
风悦丶Kingxi,6406
污妖王丶赵Sir,6401
Dy耳朵陈,6400
青衣QAQ丶,6400
九W月,6397
吃不饱的橘猫ObO,6397
不作小王子,6395
渝万丶木小小,6392
愿景平菇,6390
佐伊大魔王丶,6389
兔久哥,6389
跨二樱宝宝,6388
三江丶古城沐川风,6388
王叨叨opal,6386
渝万丶翻车老司机,6384
雨魂5201,6383
恳恋91995,6380
CSGO赛事专用直播间,6379
渝万丶若成风,6379
唐的糖,6378
快乐蝶爸,6376
cilly夕夕,6374
新娱一NICE娱乐,6370
冰冰妹儿,6369
CF宇凡,6367
波儿灞小哥哥,6365
你记得韩先生吗,6365
X布布X,6365
国服第一表哥,6363
渝万丶柒兮,6362
PE罗少,6362
小嗝zzZ,6361
小小小汤唯,6361
YY凉瓷,6352
橘猫酱Q,6351
Biu情调,6350
渝万丶善水,6349
子邪404wR,6348
点公子丶,6345
华容道,6343
皇陵勇士熊,6343
乐无异的西瓜汁,6342
还是叫我阿七好了,6341
白茶茶茶茶茶茶茶茶,6335
渝万丶小康哥哟,6335
那了迪,6333
天沧,6331
移花丶小燕山,6330
奥特曼ATEM,6328
PE丶剧草73,6324
渝万丶颐飞狗头,6324
曾少388,6324
托蒂小王子,6324
好莱坞影片,6321
巫妖王丶章大炮,6321
背着夕阳听日落,6319
晴天式丶叶湘伦,6318
真皮丶苏胡的张张,6317
是琉璃貂蝉i,6317
二七梦,6317
不想改名的无惜,6316
真皮丶袁小圆,6316
一散人一,6315
用户6836453058,6315
决斗之城的王,6314
渝万丨阿伟,6312
渝万丶Dxin,6309
鸭嗓姑娘,6304
多米丶迷关,6303
LOL人间最强,6302
桃山花开n,6302
华哥传媒丶猫神,6301
腊月初二skr,6300
小刘涛hs,6299
瓢二菜,6297
卑鄙的大石头,6297
米饭的饭饭,6296
PE丶艾小歪,6293
小黑妹r,6291
ReyMean,6290
油油油油组,6289
对门张二哥,6287
Jack矫,6287
Yumeno丶优米,6286
森姐爱迷路,6286
Biu随意丶,6284
教k主,6282
川娱丶默茶,6282
晨寒zZ,6280
ByZy丶Baby,6278
PE丶猫意,6276
少女芯琅子,6276
韩国京京,6274
101DJG丶念初,6272
超可爱Ss的洋洋,6270
新忍村浩南,6270
Oo羊驼oO,6270
UR森林,6270
冗词y,6269
PE丶曼巴,6269
iam浩司,6268
影流vvv,6265
不羁的小子,6264
无敌小冷月,6263
污妖王丶嫖断吊,6255
萌面丶女侠,6254
君不言月,6254
丁某人呀,6253
Dearest丨倩倩,6252
思凯丶林小生,6248
丶伟大的超哥,6244
珊紫,6242
80飞扬合击传奇,6235
Mr丶老k,6233
王大轩66,6229
屈原拳,6223
CeeKays桃,6222
你的新宠儿,6216
完美国际莫言,6211
星星小可爱吧,6210
沈炎钊,6209
污妖王丶D黑斑羚,6206
佩奇小仙女er,6206
羊子宝,6206
星予丶单身的男孩,6200
淡定闵丶,6200
爆炸糖Se7en,6197
酥糖er,6196
手残的蒙彦祖,6196
Akira主丶席,6194
真皮丶猪头七,6192
Verity丶KeS,6192
YukiYu丶游游,6191
三江丶飞,6189
Ch3c日花,6185
觅渡zz,6185
星君Gam,6183
雨er丫,6183
CuteLang,6183
马舒就是小白,6181
青丘东皇,6181
萌二呆,6180
99999丶念唏,6180
你的车车有点甜,6180
胡咩咩咩咩咩,6174
污妖王丶地瓜安妮,6174
可爱的爱笑呀,6174
最美中国画i,6170
屎马蛋,6169
克瓦希尔伯爵,6168
FISH玫瑰,6164
超级梦时,6164
多多爱美丽,6163
左手代丶,6161
叫我95就好辣ovo,6159
亲亲明i,6158
渝万丶小辞,6157
牙Baby,6156
CSGO天天,6154
嘻嘻张是甜甜小,6152
范小兮,6151
委屈的鱼刺刺,6151
文瑞雪,6149
T1丶是久久呀,6149
风吹地瓜心,6147
易木禾,6146
温华Allz,6143
皮卡皮啦噜,6141
nymfs丶风,6140
扣哥60439,6139
户外打野五哥,6137
凡狗蛋灬,6136
渝万丶康兄,6133
PE宸阿,6132
校长吖Moon,6132
一一太一,6131
污妖王丶小叮当,6130
小吱琦琦i,6128
荣记何金银,6124
阿左生活,6120
宁波v大叔,6120
我是小吃货丫,6120
狼腾丶追梦,6119
丨常山造纸龙丨,6116
小小剑魂丿,6115
不会唱歌的光头强,6109
杰克Prime,6107
HardeyS,6107
是王木木吖,6106
吾本无心何来心痛,6105
爱笑的烨欧尼,6091
真比克魔王,6089
神助不是神猪再说一遍,6089
见见蛋糕好着呢啊,6087
金榜公考讲师团长,6079
Smile丶小酒窝,6074
Gs丶菲,6072
用户6834035974,6067
渝万丶Hbyoo,6063
笑笑晓奥,6061
狼腾凌风世无双,6060
两点水哥,6052
渝万丶越与愿,6050
大悦悦JustDoIt,6049
卡兹米勒,6048
西西嚯,6048
黑鹰BLACK职业选手,6046
莫D晨,6044
一只沫沫吖,6042
A老关,6039
极品佛系奈歌,6038
哎呀麻辣鸡翅,6036
即将拥有二头肌的君浩,6034
丫丫吖呀foya,6034
多米丶木匠,6033
慧江loong,6033
西瓜太忙666,6033
最美少年梦呐,6031
T1丶阿海,6029
大飙车,6026
莫湮湮,6025
吉力丶,6024
夫夫夫夫夫哥,6020
DM丶夕阳的余晖,6020
北京虎妞,6016
空白551504,6013
混子张某人,6011
软淑萌超甜,6009
观望胜7,6007
Akira田田,6007
渝万丶P墨,6006
星星超甜m,6003
小宝呀呀小宝,6002
幼恩yo,6000
默负寒夏丶,5997
渝万丶沐天宇,5996
SC优秀新,5993
五仙教弟子,5990
江山空灵,5988
小火宝c,5987
阿泽iiiiiiiii,5987
Agoni兰儿,5985
kiddo喵呜,5984
利老师说的对i,5980
彡只安静的熊,5979
灵刃刀妹,5975
biu闷羊,5974
夏墨清,5974
静夜灬独饮悲,5970
鲁小川,5966
蒙奇我我我我,5965
吃奶滴虫,5962
长沙玲姐攒机,5960
纸鸢吖丶,5959
TL丶浪漫,5958
一起游荡,5958
污妖王丶女琦,5955
地摊哥哥,5952
BN丶夜叶,5951
妖怪就是我啦,5949
Lamour多,5946
渝万丶燃烧,5944
花落0818,5944
军武直播,5943
嗜灭,5942
孙小夕,5941
阳光男孩497,5940
迅啊迅,5938
九花花呀,5938
贝成电竞,5936
铭哥哥iiiii,5936
暗中观察喵弟弟,5935
PE丶木木,5934
危笑WX,5925
Samedimmm,5925
RVBJH,5925
渝万丶一叶知秋,5923
想带你去浪漫的哈尔滨,5920
是一毛呀,5920
你的楠朋友丫,5918
秋苏城,5917
卿卿77丶,5914
渣男火锅,5914
Dy赖世世,5913
风吹地瓜心,6147
易木禾,6146
温华Allz,6143
皮卡皮啦噜,6141
nymfs丶风,6140
扣哥60439,6139
户外打野五哥,6137
凡狗蛋灬,6136
渝万丶康兄,6133
PE宸阿,6132
校长吖Moon,6132
一一太一,6131
污妖王丶小叮当,6130
小吱琦琦i,6128
荣记何金银,6124
阿左生活,6120
宁波v大叔,6120
我是小吃货丫,6120
狼腾丶追梦,6119
丨常山造纸龙丨,6116
小小剑魂丿,6115
不会唱歌的光头强,6109
杰克Prime,6107
HardeyS,6107
是王木木吖,6106
吾本无心何来心痛,6105
爱笑的烨欧尼,6091
真比克魔王,6089
神助不是神猪再说一遍,6089
见见蛋糕好着呢啊,6087
金榜公考讲师团长,6079
Smile丶小酒窝,6074
Gs丶菲,6072
用户6834035974,6067
渝万丶Hbyoo,6063
笑笑晓奥,6061
狼腾凌风世无双,6060
两点水哥,6052
渝万丶越与愿,6050
大悦悦JustDoIt,6049
卡兹米勒,6048
西西嚯,6048
黑鹰BLACK职业选手,6046
莫D晨,6044
一只沫沫吖,6042
A老关,6039
极品佛系奈歌,6038
哎呀麻辣鸡翅,6036
即将拥有二头肌的君浩,6034
丫丫吖呀foya,6034
多米丶木匠,6033
慧江loong,6033
西瓜太忙666,6033
最美少年梦呐,6031
T1丶阿海,6029
大飙车,6026
莫湮湮,6025
吉力丶,6024
夫夫夫夫夫哥,6020
DM丶夕阳的余晖,6020
北京虎妞,6016
空白551504,6013
混子张某人,6011
软淑萌超甜,6009
观望胜7,6007
Akira田田,6007
渝万丶P墨,6006
星星超甜m,6003
小宝呀呀小宝,6002
幼恩yo,6000
默负寒夏丶,5997
渝万丶沐天宇,5996
SC优秀新,5993
五仙教弟子,5990
江山空灵,5988
小火宝c,5987
阿泽iiiiiiiii,5987
Agoni兰儿,5985
kiddo喵呜,5984
利老师说的对i,5980
彡只安静的熊,5979
灵刃刀妹,5975
biu闷羊,5974
夏墨清,5974
静夜灬独饮悲,5970
鲁小川,5966
蒙奇我我我我,5965
吃奶滴虫,5962
长沙玲姐攒机,5960
纸鸢吖丶,5959
TL丶浪漫,5958
一起游荡,5958
污妖王丶女琦,5955
地摊哥哥,5952
BN丶夜叶,5951
妖怪就是我啦,5949
Lamour多,5946
渝万丶燃烧,5944
花落0818,5944
军武直播,5943
嗜灭,5942
孙小夕,5941
阳光男孩497,5940
迅啊迅,5938
九花花呀,5938
贝成电竞,5936
铭哥哥iiiii,5936
暗中观察喵弟弟,5935
PE丶木木,5934
危笑WX,5925
Samedimmm,5925
RVBJH,5925
渝万丶一叶知秋,5923
想带你去浪漫的哈尔滨,5920
是一毛呀,5920
你的楠朋友丫,5918
秋苏城,5917
卿卿77丶,5914
渣男火锅,5914
Dy赖世世,5913
yyfyyf,264万
王者荣耀韩国官方赛事,254万
小QIMBA,48.7万
dy韩老实,12.6万
王者荣耀官方赛事,219万
东北大鹌鹑,178万
伍声2009,177万
彡彡九户外,158万
纯白,155万
寅子,137万
TD丶正直博,136万
三笠ackerman丶1,121万
DSL斗鱼超级联赛官方,102万
赛文柒Seven,87.3万
气人主播QQQ,85.6万
女流66,83.9万
斗鱼绝地赛事,81.7万
不2不叫周淑怡,80万
隔壁家的小妹妹,69.5万
imbadota2频道,67.1万
有痕er,65.6万
47号Gamer,64.4万
白白白白白3,64.2万
yjjimpaopao,63.1万
英雄联盟官方赛事,60.6万
dy喜之狼,51.1万
一条小团团OvO,49.1万
若悠悠de二哥,47.2万
斗鱼浪子彦,44.7万
四川雨泽户外,44万
谢彬DD,44万
DY烁哥,43.4万
abcdMouse,41.8万
A老回,41.1万
叶知秋Vanessa,41万
解说风筝,39.3万
BoA丶月月,38.8万
淳色,37.5万
异灵术老师,36.4万
深山大咖,35.8万
辛巴imb丶丶,34.3万
雨昕丶,33.4万
言小七i,32.8万
大龙猫,32.5万
eStar丶教父,32.2万
eStarPro诺言,32.2万
西瓜太浪xx,32.1万
王者荣耀官方赛事3,31.4万
斗鱼KPL荣耀战场,31.4万
赏金术士2018,30.9万
黄金大奖赛,30.6万
誓言丨新游手游领导者,30.4万
DNF亡誓,29.5万
只有十五岁的涛妹,29.3万
我是骚某某,28.5万
科技美学中国,28.5万
神秘嘉宾澄纸,28.3万
820邹倚天,28.1万
清歌与世无争,27.5万
懒癌丶小寒月,27.4万
智商为九,25.5万
像枫,25万
雪莉人呢,23.7万
天然呆老湿,22.9万
imbadota2频道2,22.9万
Poker丶小旺,22.8万
二胖二胖王二胖,22.7万
单车老师不迟到,22.4万
污妖王丶沈小蔓,22.3万
小儿郎丶丶,22.1万
小主播羽大炮,21.8万
OMG笑容,21.6万
阿聪R,21万
Forever丶安然,20.8万
解说白乐,20.6万
PP阳,20.6万
晓松哥,20.6万
sViper潇洒,20.3万
绝地求生赛事3,20.2万
进击の神乐,20万
声优赵猥琐,20万
DNF白手温柔,19.8万
老乡开下门,19.6万
DNF枪魂冰子,19.5万
方歌儿儿儿,19.5万
主播温州炮哥,18.9万
冷未央丶,18.6万
sViper丶阿灿,18.4万
狗康Bfate丶,18.4万
进击的神乐,18.1万
傲少丶,17.9万
主任5748,17万
仙凡哥哥丶,17万
1K黄辉冯,17万
穿越火线运营团队,16.9万
As童话话话,16.6万
小米粥OvO,16.5万
天赐解说R,16.4万
渝万丶浮生,16.2万
英雄联盟官方赛事二,16.2万
ForeverTED,15.9万
主播秋山呜,15.8万
走黯,15.6万
你的珂珂宝,15.5万
豆豆丶Thomas,15.4万
狂仔酷炫,15.4万
我是YF宝宝阿,14.8万
落叶听松,14.7万
熊jolababy,14.6万
心机老师,14.3万
爱吃鱼的石原,14.2万
陈翔六点半,14万
秀梦哒哒,13.8万
沐戮,13.8万
s1134,13.7万
音七Simple,13.7万
毕竟是柚子,13.6万
Jue美娘,13.5万
T1丶勤劳的小亮,13.4万
蛋蛋解说丶,13.4万
蛋蛋解说丶,13.3万
你的珂珂宝,13.3万
小妈的安妮妮丶,13.1万
李瑞汐七哥,12.8万
乔公举,12.7万
Biu十月113,12.6万
无月DSB丶,12.6万
叶子户外,12.6万
林熙Lxxi,12.4万
骑士丶宁波小骚骚,12.2万
ū砀,12.2万
老皮历险记,12.1万
Misa喵老师,12.1万
川味箩卜,12万
屿鹿你好阿,11.7万
Le大帅,11.7万
皇玺丶瑞文,11.7万
非洲啊振,11.6万
魔音糯米,11.5万
浩家郡丶甘肃小浩哥,11.5万
亦涵阿,11.1万
路人王Asuka,11万
UnaDirezione,10.9万
胖胖C,10.8万
主播阿郎,10.7万
苏打锋,10.7万
小棒棒W,10.6万
白鲨大娇娇,10.4万
MQ丶聪全蛋,10.3万
酸酸酸奶君,10.2万
Dota小蝴蝶,10.2万
DWG直播Nuclear,10.1万
吃米滴虫,10.1万
DWG直播Hoit,10.1万
DWG直播Nuguri,10.1万
主播盒子,10万
令哥jjc,10万
小龙女Sama,9.8万
杰出哥,9.8万
王者上演,9.7万
我是264,9.6万
YZDY七月,9.5万
viko酱丶,9.5万
皇玺丶Jony乔尼,9.4万
MdyPpy,9.4万
AMa0丶啊毛,9.4万
画饼李,9.3万
凌云灬,9.3万
钟小傲,9.3万
肉丝叔叔,9.3万
小圈子丶呆宝丫,9.2万
荣耀洋洋,9.2万
白白的胖胖呀,9.2万
Lifeiwnl,9万
吴山人R,8.8万
十三三三,8.8万
百变姑姑肖淑洁,8.7万
奶糖是喵不是糖,8.6万
疯子的峰哥,8.5万
毕游侠,8.5万
惊蜇,8.5万
FeiYu丶小天很强的,8.5万
冷冷137570,8.5万
我是大蛤蟆阿,8.5万
微笑爱吃豆芽儿,8.5万
渝万丶狗哥,8.5万
神探K,8.3万
稳擞,8.3万
阿Biu一身绝技,8.2万
渝万轩,8.2万
LYG丶yyxovo,8.2万
瓜皮蛙蛙,8.1万
棒老三,8.1万
小九安安,8万
跨三A老顽童嘤嘤叔,7.9万
山东蓝翔技工学院,7.9万
柄柄c丶,7.9万
暴雪游戏频道,7.7万
轲神丶三土,7.6万
午夜锦年,7.6万
微甜吖,7.5万
老戴在此,7.5万
绝地辣妹兔兔,7.4万
Rifle丶小闹腾,7.4万
全能王拉哥300401,7.4万
Grace小星星,7.4万
叫我洋气的赵梦露,7.3万
白鲨王振,7.3万
手拿屠龙砍大刀,7.3万
良辰打野贼6丶,7.2万
MQ威,7.2万
MQ阿雨,7.2万
LYG丶TuDouBoss,7.2万
坚强丶贵族,7.2万
琦玉琦玉丶,7万
Your小锤宝,7万
木神刂,7万
黑洲非人2019,6.9万
ZZzzz杰仔呀,6.9万
你的熊酱,6.9万
zwssammi,6.8万
涂鸦酱Q,6.8万
修仙的小迪,6.7万
BN丶严斌,6.7万
谁一个强者,6.6万
DNF表哥,6.6万
文伊伊丶,6.6万
泽饶龙,6.5万
万剑一鸽鸽,6.5万
主播八戒丶,6.5万
小北熙ya,6.5万
明栀明030,6.4万
金牌讲师丶信仰,6.4万
小雅妹妹m,6.4万
骑猪打野小骚苏,6.4万
黎三三岁,6.4万
娃子丶三点半,6.3万
DG冬瓜,6.3万
安全套不套,6.3万
孤独药,6.2万
CF手游赛事活动专用,6.2万
DG冬瓜,6.2万
逍遥小诸葛丶,6.2万
soja菜芽,6.2万
二红啊biubiubiu,6.1万
武神出品丶品牌大服,6.1万
陌言R,6.1万
a824683653,6.1万
拿铁不加糖吖丶,6.1万
阿紫丶Azi,6万
UU娇哒哒呀,6万
群阿群丶,6万
凉风亚索yasuo,6万
川娱丶师妹,6万
Amsssss,6万
阿东酱丶天道酬勤,6万
正版管子,6万
安娜哩,6万
渝万丶帝帝,6万
Xh丶格格,5.9万
俞俊0829,5.9万
冰妹妹992,5.9万
鲸鱼欧尼,5.9万
文枝丶,5.9万
千寻雅,5.9万
这货不是清奈,5.8万
默依默,5.8万
渝万丶伊芙琳,5.8万
Sai_C,5.8万
渝万rain,5.8万
挽挽QuQ,5.8万
暖冬阿,5.8万
陡壁饥荒,5.7万
夏只只i,5.7万
253516丶小磊,5.7万
Ares暖阳,5.7万
请叫李响,5.7万
啾咪诺,5.7万
等一下我晚呢qwq,5.6万
overwatch老瓜,5.6万
智慧刚丶,5.6万
紫蓝Perse,5.6万
烟沙丶强哥,5.6万
101DJG丶孤勇,5.6万
浪灯丶,5.5万
彭彭酱吖,5.5万
Black丶耐克豪,5.5万
老V丶,5.5万
仙墨丶,5.5万
栗子OxO,5.5万
跨八小血弟弟,5.4万
老仙女o,5.4万
KRKPL韩文解说,5.4万
南雁翎,5.4万
冷爷行妹,5.4万
Thank丶God,5.4万
x宇希,5.3万
三千很忙的,5.3万
念风亚索,5.3万
猫叔灬灬,5.3万
喵喵侠233,5.3万
暮久酱mua,5.3万
无与伦比的菜刀,5.3万
软软的凉笙,5.3万
Mayuki闲,5.2万
xqc倾城,5.2万
主播杰克曼,5.2万
丶喵晚安,5.1万
我酷我撩妹,5.1万
梦想家Ki,5.1万
蹦小样,5.1万
98甜丶,5.1万
DNF海因0206,5.1万
一坨柠檬酱,5.1万
Ace凡森,5.1万
小萌牙qwq带你飞,5万
Flygogogogo,5万
诱诱小奶喵,4.9万
菁菁Krystal,4.9万
丶德云少班主,4.9万
曾小贤,4.9万
采臣臣,4.9万
血色大极品,4.9万
街健达人丶呆木头,4.9万
程乐鸡QAQ,4.9万
笔落三千梦,4.9万
湘哥户外,4.9万
我的名字叫碎,4.8万
黑人毅,4.8万
一只希佩尔,4.8万
珉瑞,4.8万
传奇一生一世一双人,4.8万
布鲁鲁Ayt,4.8万
移动电竞热点,4.8万
风中追风Fzz1,4.8万
Toro小狐狸,4.7万
汉宫Wn99,4.7万
霖疯er,4.7万
赛燃,4.7万
菟菟萌酱,4.7万
鱼娓想要吃掉你,4.7万
萧兮易水寒哟,4.7万
烽火吖,4.7万
猪头叶灵,4.7万
大木头CL,4.6万
锦儿小可爱,4.6万
千年君临天下,4.6万
雷伊伊瓜小皮,4.6万
一只很皮的大七,4.6万
剑浪丿,4.6万
Hi咪琦,4.5万
九儿就是道理,4.5万
酷炫小剧场,4.5万
闪镜侠汉宫Dyao,4.5万
户外闯王,4.5万
一鸣x,4.5万
铁头六哥,4.5万
NewB丶KDG,4.4万
地瓜小弟,4.4万
恶魔神,4.4万
川娱丶奋斗,4.4万
创DMoD工作室,4.4万
超哥户外打野,4.4万
是桑桑桑呀,4.4万
白鲨兮默,4.4万
渝万丶如歌,4.3万
河南四眼搞基,4.3万
莹莹丶女主播,4.3万
小熊和你,4.3万
三黄猫,4.3万
夏小倩Cherr,4.3万
又沫,4.3万
CFxiub1,4.3万
海绵神了,4.3万
上海大明海,4.2万
熙宝,4.2万
大帝LioN,4.2万
七七小脑斧,4.2万
正义的左左酱,4.2万
98菟,4.1万
你的美兮呀,4.1万
吃喝玩乐的帅冰,4.1万
是你的初恋呐,4.1万
鹿鹿妹妹呐,4.1万
北京九鼎海盗装机店,4.1万
NO丶1思言,4.1万
渝万丶野肆,4.1万
林芊又丶,4.1万
8玖June,4.1万
真的很博通,4万
阿沫baby,4万
狼腾男银,4万
是徐长风ye,4万
太原马超丶,4万
My弟灬,4万
追忆曾经de梦,4万
sisters温柔妍,4万
久游丶死神,4万
主播海涛,4万
骚普,3.9万
小风吹呀吹001,3.9万
苏苏SJG,3.9万
渝万丶仙女瞳,3.9万
Golden绝不轻易狗带丶,3.9万
沈阳浩天科技装机,3.8万
是朗朗呀,3.8万
小脑妹,3.8万
捕鱼大亨宁采臣,3.8万
萌新瞬晓天,3.8万
蘑菇专杀快递报点狗,3.8万
柒伟翼,3.8万
感觉无双,3.8万
555张,3.7万
诸葛神侯关门弟子帝烨,3.7万
汉宫小琦,3.7万
搞艺术的二牛,3.7万
渝万丶本科生,3.7万
花儿Ariel,3.7万
天生我最美,3.7万
激灵的大宝,3.7万
小舒君八块腹肌,3.7万
小卟点丶阿,3.7万
汉宫小离,3.7万
BN丶崔金,3.7万
申佳嘉,3.6万
圈圈蜀黍,3.6万
春卷大师,3.6万
汉宫sunny,3.6万
T1丶我叫十一,3.6万
E十林点一,3.6万
皇玺丶仙丹,3.6万
渝万丶柠檬妞,3.6万
点宝呀,3.6万
比齐山庄,3.6万
AgFox小丑,3.6万
兔子的口七,3.6万
MiZi1114,3.6万
彬哥哥丶丶,3.6万
Small小四178,3.6万
大浪比金馆长,3.6万
白鲨文文,3.5万
是隔壁老杨呀,3.5万
念念是个锤锤,3.5万
汉宫帅枫,3.5万
我是豆腐啊ii,3.5万
316022右手徐太浪OVO,3.5万
VG丶Ksy,3.5万
久伴一霎,3.5万
情感导师王富贵,3.5万
娜姐的男神,3.5万
华北丶叶神,3.5万
枝枝酱嘤嘤嘤QAQ,3.5万
阿然妹妹呀,3.5万
黑卡heika,3.5万
骚皮峰,3.5万
贝贝ov,3.4万
草帽团路飞c,3.4万
主播格调,3.4万
康康小朋友c,3.4万
a逢川,3.4万
高翔XiangBro,3.4万
逆天的SYY灬,3.4万
J江一江先生,3.4万
沐云渊,3.4万
天下第一吼,3.4万
得意的diu,3.4万
狼腾莫小韩,3.4万
诗俞,3.4万
温柔书生梁小音,3.4万
逍遥丶酒廊男枪,3.4万
毁灭地球苏小凡,3.4万
萝卜丶fps,3.4万
汉宫余阿姜,3.4万
李雨潼,3.4万
白鲨兴仔,3.3万
GOD白神,3.3万
MVP小叔叔,3.3万
白鲨baby,3.3万
MDY细傻,3.3万
太子丹宝宝,3.3万
白鲨威威,3.3万
蜜蜜姐i,3.3万
九剑ca,3.3万
鲭宝儿,3.3万
元气满满Balala,3.3万
娱乐主播乐乐,3.3万
一只hk,3.3万
TripleA天秀,3.3万
VG战神路易嘶,3.3万
社会你彤哥丶,3.3万
Biu小剑,3.3万
讲究的外卖小哥,3.3万
依旧摇光,3.2万
璀璨星辰弈,3.2万
白鲨米荤,3.2万
小仙女janice,3.2万
润棋CC,3.2万
沈欲疯,3.2万
放浪不羁的小骚年,3.2万
卟能h的秘密,3.2万
白鲨漫步,3.2万
DY丶棒棒,3.2万
大艺术嘉carrie,3.2万
dota少男旭,3.2万
LUX梧桐细雨,3.2万
男银大圣,3.2万
雨音真白,3.1万
AgFox588,3.1万
OLd丶FiFteeN,3.1万
石乐志Q7,3.1万
斗~丶小可,3.1万
白鲨left,3.1万
这个人就是一剑,3.1万
王者普郎多,3.1万
老兵丶绝不OB,3.1万
Mini晴秀秀R,3.1万
喵呜呜丶,3万
Tensi,3万
PeanutHulllll,3万
橙妹summer,3万
翼风110,3万
宁酒儿,3万
眠音姑娘丶喵粮,3万
WPL狼人杀官方赛事,3万
Camille曼云,3万
肥尸,3万
添财慧,3万
蔡校长借个火,3万
童童要努力变强,3万
思如遥望,3万
GS丶阿颜小魔王,3万
PE虎宝大帅哥,3万
o北京老王o,3万
是零度喔,2.9万
教主真牛比,2.9万
渝万李时珍,2.9万
天空OX,2.9万
主播苏苏i,2.9万
Yw丶柠檬,2.9万
PE歌x,2.9万
你的蓉儿呀,2.9万
摩羯座的ddv,2.9万
garigari,2.9万
大唐雷音寺,2.9万
pe老骚,2.9万
Ruanmei万岁,2.9万
清华毕业生呐邱,2.9万
OreofAshley,2.9万
甜心一泽,2.9万
L征,2.9万
渝万丶不鸽的渡劫君,2.9万
Dy灬凯哥,2.9万
好哇噻D喵柒柒,2.9万
安柒丶wu,2.8万
小片片说大片,2.8万
GL阿卿,2.8万
三百斤的胖Ty,2.8万
米yami,2.8万
Alin丶X,2.8万
嗷嗷大叔1314,2.8万
烈焰之城丶品牌大服,2.8万
炉石主播周二鸽,2.8万
优米mm丶,2.8万
素泡面,2.8万
小慧姐丶,2.8万
SH内斯塔,2.8万
渝万丶梦魇,2.8万
我本有情剑无情,2.8万
|星侃爷,2.7万
徒步老冯,2.7万
刘剑锋Isy,2.7万
丶匆匆那年mmmm,2.7万
New南陵花神丶,2.7万
MrBB大波,2.7万
何千柔,2.7万
暴躁妮儿,2.7万
扬子爱生活,2.7万
是不晚呀,2.7万
所有人都在装,2.7万
茹r真的很甜,2.7万
主播20投,2.7万
蛋卷小朋友,2.7万
耳语小姐姐,2.7万
王蓝莓丶,2.7万
Lee锐GG,2.7万
雾山Fog53,2.7万
网易第五人格,2.7万
捡骨头的小姑娘,2.7万
延边龙少,2.6万
俺村俺最俊哦,2.6万
川娱丶宝宝熊,2.6万
污妖王丶啊然,2.6万
梁小贱呀贱,2.6万
imba绝地求生频道2,2.6万
钢牙同学,2.6万
一漉baby,2.6万
尘逸,2.6万
大包OUO,2.6万
大迷糊小星星,2.6万
渝万丶皮皮西,2.6万
若烟Ssx,2.6万
泫漓,2.6万
渝万丶优秀,2.6万
D7G升子,2.6万
粉秀丶女王大人呀,2.6万
喔唷童夕,2.6万
三神救救我阿,2.6万
July锁锁,2.6万
刘三水水水,2.6万
文骚洋,2.6万
云小鱼M,2.6万
小伍OvO,2.6万
TLG丶恒哥,2.6万
程繁繁Faerie,2.5万
糖西baby呀,2.5万
兄弟盟丶盟主,2.5万
X宝宝丶,2.5万
80星王合击散人服,2.5万
沉默星球丶梁一,2.5万
渝万丶尼古拉斯,2.5万
阿晚QAQ,2.5万
721017522,2.5万
逍遥丶漪漪超甜,2.5万
唯独有你在,2.5万
风悦丶零法,2.5万
MacGee丶麦吉,2.5万
最美皮皮陌,2.5万
Abby林玲,2.5万
lx虾米,2.5万
久了旧知,2.5万
楚汉讲棋,2.5万
菟z1丶,2.5万
小t诺子Mino,2.5万
无敌男枪张学友,2.5万
渝万丶馨儿,2.5万
狂拽酷炫,2.5万
Carol又青,2.5万
乔小雅,2.4万
渝万丶笙笙幔,2.4万
Carry熙熙熙,2.4万
你的菲宝吖,2.4万
宝贝薇阿,2.4万
惊蛰呢,2.4万
渝万丶Evelyn,2.4万
叮叮铛铛咚咚锵儿,2.4万
中憬珠宝569349,2.4万
音以结弦,2.4万
陛哥丶,2.4万
白素贞y,2.4万
淄博创酷陈大少,2.4万
七沫丶Baby,2.4万
人生教练张家伟,2.4万
缪缪安,2.4万
纳尼亚王子英雄无敌,2.4万
金木研Sam,2.4万
小百年呀,2.4万
信森吖,2.4万
小颖的公主梦,2.4万
晓浩的游戏世界,2.3万
佳佳00布鲁根,2.3万
w弯弯,2.3万
叫我柯基吧,2.3万
我是小七七,2.3万
果果不是水果,2.3万
像最初卡莎QAQ,2.3万
Alan870806,2.3万
新疆戈宝,2.3万
中憬翡翠文化传扬,2.3万
T碧海蓝天,2.3万
湖北之声,2.3万
初音未来无敌帅,2.3万
主播沫沫,2.3万
依韵的第一封情书,2.3万
张慧雪的男朋友,2.3万
80it电脑网,2.3万
胖咪嘿咻嘿,2.3万
不皮的皮皮爽,2.3万
南方大乔,2.3万
77陈小柒,2.3万
MaxKim0314,2.3万
小包小包i,2.3万
星予丶老战,2.3万
卫叔叔丶,2.3万
喵喵小乔,2.3万
天才少女甜甜甜,2.3万
3Hyc丶牛吃草,2.3万
恭丶喜丶l丶,2.3万
渝万丶户外双龙,2.3万
EL飞哥,2.3万
中憬私人订制现场雕刻,2.2万
傲娇菜,2.2万
小狐狸4481,2.2万
渝万小狐媚,2.2万
BN丶陈梓,2.2万
SY一伊伊,2.2万
神卡丶,2.2万
满楼水平丶,2.2万
挽词丶清风,2.2万
三哥海鲜,2.2万
QQ飞车手游官方直播间,2.2万
污妖王丶野父,2.2万
十年de糖果,2.2万
萌小鬼,2.2万
梓银MasterZy,2.2万
渝万丶林蛋蛋,2.2万
汉宫樱词,2.2万
ArqiuEVE,2.2万
777丶少将测评未来,2.2万
爱唱歌的鬼鬼吖,2.2万
初壹大魔王,2.2万
小白鲨哒哒哒1,2.2万
懵晓慧0,2.2万
一只崔崔,2.2万
肉包子哼,2.2万
U酱爱吃糯米糕,2.2万
姓刘的大力,2.2万
渝万丶猫爷,2.2万
古手梨花x,2.2万
xyG丶177xl,2.2万
逍遥丶九秒梦,2.2万
Prince灬尜,2.2万
花一道y,2.2万
成都丶丁长久,2.1万
替心心,2.1万
华哥传媒丶小桂,2.1万
多米丶卓卓o,2.1万
呆默默777,2.1万
4400小虎,2.1万
一枚花小雨,2.1万
八零后户外,2.1万
雯妹妹mmm,2.1万
陶可可coco,2.1万
爱自闭的青衫,2.1万
萌彪小老师,2.1万
主播迷糊,2.1万
弄玉MM,2.1万
热心网友舒克,2.1万
九栀姑娘i,2.1万
哥沙巴克城主,2.1万
Sakula醒醒,2.1万
麻瓜王耀,2.1万
懂我丶言,2.1万
D7G良予,2.1万
三鸽丶,2.1万
你的阿月,2.1万
rubytaobao,2.1万
Elvira肉肉,2.1万
月无痕丶3hyc,2.1万
西湖丶许仙,2.1万
兰兮兰兮奈若何,2.1万
伢伢是个狠人,2.1万
用户6831627951,2万
我叫怡宝有点甜,2万
寒一洋,2万
恋风贼骚气,2万
一只珊瑚,2万
燃烧的熊某,2万
我是阿呆呆阿,2万
DY丶皮皮炸,2万
渝万丶吹得神,2万
D7G单调大胖子,2万
橘右羊,2万
凝黛子,2万
虾米户外,2万
会脸红的山人,2万
YME芸妹儿,2万
奈斯Ahri,2万
欧气Sai,2万
小草666丶,2万
DK皇锋,2万
Skr丶双响炮,2万
清晨Ccc丶,2万
PE丶阿婧,2万
吹口琴的水,2万
扶君夺天下,2万
绯世XX,2万
狗王李天王,2万
PE丶苏鹿大鸡腿,2万
逍遥丶白j呀,2万
摩卡加冰丶,2万
汉宫11阿,2万
韩乐童童童童,2万
汪团长,2万
滚石丶帝晨,2万
情商低下芯芯崽,2万
梦幻吊爆侠,2万
千紫16,2万
小艺yn,2万
污乞丶,1.9万
琉璃不相思,1.9万
w段Gody,1.9万
Soledad丶小暮城,1.9万
假的短短qwq,1.9万
IBADDOG,1.9万
李幽凝,1.9万
若七岁i,1.9万
港茶哥哥,1.9万
污妖王丶阿柴,1.9万
追风少女徐有药,1.9万
梦里没有小白白喵,1.9万
三鹿儿,1.9万
全职pk惜别,1.9万
铁蛋解说,1.9万
七煌教授,1.9万
PE丶郭帅Gzh,1.9万
x8丿,1.9万
美洋princess,1.9万
星予丶王斯哒,1.9万
QL羽七,1.9万
渝万丶白虎Aimo,1.9万
汉宫九阳,1.9万
乌里乖乖,1.9万
BN丶文生,1.9万
GS丶昆神酱1307763,1.9万
小衰鸽鸽,1.9万
温柔善良的雪雪,1.9万
久游丶小辣椒,1.9万
鄙人老陈,1.9万
我是以秀呀,1.9万
可爱到炸的叶依,1.9万
小流吖,1.9万
渝万丶百星漠然,1.9万
Pe鹿丢丢小朋友,1.9万
荒岛金万利,1.9万
薛洁洁Zz,1.9万
PE黑力力,1.9万
Akira小偏执,1.9万
白菜讲故事,1.9万
乔大狗理性消费,1.9万
网神papapa,1.9万
逍遥丶林乔,1.9万
铁叔2z,1.9万
叫我洁三岁啊,1.8万
西双版纳黄金荣,1.8万
许文强户外,1.8万
药药困了,1.8万
头圆圆本人,1.8万
FeiYu丶暗黑,1.8万
渝万丶择小西,1.8万
Akira李孟琦,1.8万
永远18岁的LU露阿姨,1.8万
一休哥穿名堂,1.8万
职业选手丶官人,1.8万
阿乐Arle,1.8万
渝万丶灵魂Ghost,1.8万
饼哥azz,1.8万
我是路北北,1.8万
恶霸提莫,1.8万
钊叁,1.8万
渝万南瓜,1.8万
七彩螺旋音,1.8万
谁人不知二十一,1.8万
v沫轩,1.8万
卢不乖,1.8万
老戏骨葡萄锅,1.8万
久游丶子俊,1.8万
蓝染依旧,1.8万
FeiYu丶八爷,1.8万
云喵喵呜,1.8万
蜜啦拉,1.8万
一见呀,1.8万
允希姐micooo,1.8万
陌雪有个电竞梦,1.8万
c林夕,1.8万
carry电竞俱乐部,1.8万
徐暖徐暖,1.8万
GS丶唐僧借我一张嘴,1.8万
空白骑士丶空白,1.8万
0005丶小圣圣,1.8万
南小北的直播号,1.8万
最终兵器一小鸟,1.8万
风之子hhhhyyk,1.8万
易白白白白白,1.8万
星予丶阿Sir,1.8万
希若Shero,1.8万
苹果Zei甜,1.8万
大佳豪,1.7万
撩元芳,1.7万
诽煺,1.7万
酒鬼R胖,1.7万
战神季箐,1.7万
渝万白宇g,1.7万
陪伴一生的传奇,1.7万
唱的还行的奶狗池,1.7万
北辰丶Zz,1.7万
小小狐狸精sprite,1.7万
默默T6,1.7万
不科学的天然,1.7万
神武二狗子,1.7万
清L酒,1.7万
独家首战首区,1.7万
EdZ泽煌,1.7万
右拐少女的小冷君,1.7万
三枪一疗程,1.7万
不甜妹妹阿,1.7万
住你隔壁的二黑,1.7万
逗比小软妹,1.7万
圆啊圆溜溜,1.7万
国服沐老湿,1.7万
CooL丶毅宝,1.7万
郑州AI电竞攒机,1.7万
黎明户外,1.7万
川娱丶炫尊,1.7万
江苏陶班长,1.7万
SohoBar丶DJ,1.7万
女王小鬼头S,1.7万
j19k狗神x,1.7万
炸鲜奶是一种食物,1.7万
炎之爱,1.6万
养狗的流年,1.6万
顽皮的Tim提姆,1.6万
小小小师傅丶,1.6万
AK程,1.6万
阿宇系小居,1.6万
汉宫故事,1.6万
尹乐想唱首歌,1.6万
星空丶Saint,1.6万
长春佳祥科技攒机,1.6万
一如既往丶胖子,1.6万
是醉梦ya,1.6万
汉宫神话ZxH,1.6万
乌东东,1.6万
琉璃药王,1.6万
萌二呆,1.6万
林小天丿,1.6万
星旧丨,1.6万
紫霞仙子厶,1.6万
性感小猫在线掉毛m,1.6万
朱佩琪Yoki,1.6万
晓蕾阿,1.6万
烈火小霸主,1.6万
苏恩惠小姐姐,1.6万
沧笙踏歌yyy,1.6万
主播银狐,1.6万
rm小软妹,1.6万
优雅啊狗子,1.6万
渝万丶冰神,1.6万
渝万丶阳顶天,1.6万
污妖王丶九十虎,1.6万
W疯狂的菜鸟W,1.6万
阿姐姐o,1.6万
天津丶拳皇98老黑,1.6万
致命一击有我无敌,1.6万
酒与时光,1.6万
污妖王丶天天酱,1.6万
鸡杂面宇闷闷,1.6万
盛世帝王花美丽,1.6万
东生阿,1.6万
200多斤的胖子,1.6万
CoCo可大宝,1.6万
大名鼎鼎陈某人,1.6万
天蝎座的林一,1.6万
傻呆小仙女吖,1.6万
上海老梅电脑组装MOD,1.6万
华哥传媒丶男神,1.6万
一只花卷酱,1.6万
草原霓裳醉,1.6万
冬雾为雪,1.6万
SN丶腿儿,1.6万
柳飘飘呀,1.6万
永远18岁的LU露阿姨,1.8万
一休哥穿名堂,1.8万
职业选手丶官人,1.8万
阿乐Arle,1.8万
渝万丶灵魂Ghost,1.8万
饼哥azz,1.8万
我是路北北,1.8万
恶霸提莫,1.8万
钊叁,1.8万
渝万南瓜,1.8万
七彩螺旋音,1.8万
谁人不知二十一,1.8万
v沫轩,1.8万
卢不乖,1.8万
老戏骨葡萄锅,1.8万
久游丶子俊,1.8万
蓝染依旧,1.8万
FeiYu丶八爷,1.8万
云喵喵呜,1.8万
蜜啦拉,1.8万
一见呀,1.8万
允希姐micooo,1.8万
陌雪有个电竞梦,1.8万
c林夕,1.8万
carry电竞俱乐部,1.8万
徐暖徐暖,1.8万
GS丶唐僧借我一张嘴,1.8万
空白骑士丶空白,1.8万
0005丶小圣圣,1.8万
南小北的直播号,1.8万
最终兵器一小鸟,1.8万
风之子hhhhyyk,1.8万
易白白白白白,1.8万
星予丶阿Sir,1.8万
希若Shero,1.8万
苹果Zei甜,1.8万
大佳豪,1.7万
撩元芳,1.7万
诽煺,1.7万
酒鬼R胖,1.7万
战神季箐,1.7万
渝万白宇g,1.7万
陪伴一生的传奇,1.7万
唱的还行的奶狗池,1.7万
北辰丶Zz,1.7万
小小狐狸精sprite,1.7万
默默T6,1.7万
不科学的天然,1.7万
神武二狗子,1.7万
清L酒,1.7万
独家首战首区,1.7万
EdZ泽煌,1.7万
右拐少女的小冷君,1.7万
三枪一疗程,1.7万
不甜妹妹阿,1.7万
住你隔壁的二黑,1.7万
逗比小软妹,1.7万
圆啊圆溜溜,1.7万
国服沐老湿,1.7万
CooL丶毅宝,1.7万
郑州AI电竞攒机,1.7万
黎明户外,1.7万
川娱丶炫尊,1.7万
江苏陶班长,1.7万
SohoBar丶DJ,1.7万
女王小鬼头S,1.7万
j19k狗神x,1.7万
炸鲜奶是一种食物,1.7万
炎之爱,1.6万
养狗的流年,1.6万
顽皮的Tim提姆,1.6万
小小小师傅丶,1.6万
AK程,1.6万
阿宇系小居,1.6万
汉宫故事,1.6万
尹乐想唱首歌,1.6万
星空丶Saint,1.6万
长春佳祥科技攒机,1.6万
一如既往丶胖子,1.6万
是醉梦ya,1.6万
汉宫神话ZxH,1.6万
乌东东,1.6万
琉璃药王,1.6万
萌二呆,1.6万
林小天丿,1.6万
星旧丨,1.6万
紫霞仙子厶,1.6万
性感小猫在线掉毛m,1.6万
朱佩琪Yoki,1.6万
晓蕾阿,1.6万
烈火小霸主,1.6万
苏恩惠小姐姐,1.6万
沧笙踏歌yyy,1.6万
主播银狐,1.6万
rm小软妹,1.6万
优雅啊狗子,1.6万
渝万丶冰神,1.6万
渝万丶阳顶天,1.6万
污妖王丶九十虎,1.6万
W疯狂的菜鸟W,1.6万
阿姐姐o,1.6万
天津丶拳皇98老黑,1.6万
致命一击有我无敌,1.6万
酒与时光,1.6万
污妖王丶天天酱,1.6万
鸡杂面宇闷闷,1.6万
盛世帝王花美丽,1.6万
东生阿,1.6万
200多斤的胖子,1.6万
CoCo可大宝,1.6万
大名鼎鼎陈某人,1.6万
天蝎座的林一,1.6万
傻呆小仙女吖,1.6万
上海老梅电脑组装MOD,1.6万
华哥传媒丶男神,1.6万
一只花卷酱,1.6万
草原霓裳醉,1.6万
冬雾为雪,1.6万
SN丶腿儿,1.6万
柳飘飘呀,1.6万
Macherie丶偏执,1.4万
壹梦呐,1.4万
无双十三香,1.4万
Aee1essN,1.4万
就叫他阿怪因为他很帅,1.4万
音乐本来就是用来玩的,1.4万
瑶妖灵,1.4万
张小怂怂酱,1.4万
张益达Tehseus,1.4万
骚包呀丶4620126,1.4万
GMC风起,1.4万
初晗i,1.4万
旋风超人丶,1.4万
传奇至尊宝,1.4万
AyMoira,1.4万
云霄冰封,1.4万
瓜瓜呱呱呱叫,1.4万
onekill单杀,1.4万
Raizy雪,1.4万
R\人,1.4万
苹果Zei妖,1.4万
污妖王丶鹿由,1.4万
久游丶演帝,1.4万
渝万丶阿乔,1.4万
Boomboom小黄人,1.4万
余书Rebekah,1.4万
DMH丶小飞飞,1.4万
花香怡人丶蕉妹,1.4万
羊鹿鹿jessie,1.4万
NFSOL丶夏末,1.4万
地风升丶甜圈,1.4万
小暖金,1.4万
烟嗓女王丶GS,1.4万
宇大帅巡山咯,1.4万
捡垃圾的夏叔叔,1.4万
芒果橙子呀i,1.4万
渝万丶小月月,1.4万
FeiYu丶阿信,1.4万
睡不醒的林夕儿,1.4万
颜宇森,1.4万
长久苏语,1.4万
秃驴走肾又走心,1.4万
天天OB丶,1.4万
叫我洁少,1.4万
karanlip,1.4万
SN丶白菜,1.4万
我是胖胖呀,1.4万
橙子要不要,1.4万
桥brideg,1.4万
临渊见鱼,1.4万
易燃易BOM四带二,1.4万
渝万丶农民哥,1.4万
青羿,1.4万
梵生梦凡生,1.4万
陈颠颠吖,1.4万
笑笑快来吧,1.3万
3Hyc丶瑶瑶,1.3万
凯疾风李Likai,1.3万
污妖王丶荼荼,1.3万
多米丶桑叶,1.3万
渝万诗歌,1.3万
FeiYu丶鸡哥,1.3万
Mango沈三废,1.3万
叫我小呆呆233,1.3万
火哥RR,1.3万
国服演员小轩,1.3万
9517悸动,1.3万
包不怂丶,1.3万
叫我恩恩NN,1.3万
破锣丶,1.3万
CoOper2就是库珀,1.3万
甜蜜de哈密瓜,1.3万
洛涛丶,1.3万
蒙奇你你你,1.3万
S沐阳41143,1.3万
钟有颜,1.3万
林宝宝大王啊,1.3万
污污污污污污污污尾丶,1.3万
FM991,1.3万
丶女王丶,1.3万
南小风儿,1.3万
挠挠nao挠挠,1.3万
FeiYu丶夜愿,1.3万
小智XZ,1.3万
渝万丶林小姐,1.3万
啊校123,1.3万
渝万丶喵喵喵,1.3万
渝万丶可爱妍,1.3万
橘美人哟,1.3万
抱走大多塔,1.3万
柱子Yang,1.3万
101DJG丶Finka,1.3万
囚心名扬天下,1.3万
作死的陈大腕儿,1.3万
渝万丶明小强,1.3万
PE牙牙,1.3万
一只有毒的咸鱼g,1.3万
飞扬的浪叔,1.3万
二货d丶,1.3万
葫芦农家院糊涂蛋,1.3万
渝万丶小明哥,1.3万
倪的全能官哥哥,1.3万
FeiYu丶渔夫,1.3万
三月丶唐小唐,1.3万
Mu汁儿,1.3万
斑马Q,1.3万
原来是小美耶,1.3万
来自新疆优秀的都教兽,1.3万
瓜皮宝i,1.3万
有梦想的昧光,1.3万
小橘甜甜,1.3万
洛月洛月,1.3万
进击的小胖哥哥,1.3万
FeiYu丶浪客提莫,1.3万
雪碧呀ovo,1.3万
甜胖丁,1.3万
诀别说再见,1.3万
iuce2,1.3万
念绣,1.3万
FeiYu丶GuazzZ,1.3万
